Ano,Mês abrev.,EnglishProductCategoryName,EnglishProductSubcategoryName,Qtd de Vendas,Qtd de Vendas M-1,Qtd de Vendas Var M-1
2010,Dec,Accessories,Bike Racks,,,"-100,00%"
2010,Dec,Accessories,Bike Stands,,,"-100,00%"
2010,Dec,Accessories,Bottles and Cages,,,"-100,00%"
2010,Dec,Accessories,Cleaners,,,"-100,00%"
2010,Dec,Accessories,Fenders,,,"-100,00%"
2010,Dec,Accessories,Helmets,1010.3352000000002,,"-100,00%"
2010,Dec,Accessories,Hydration Packs,,,"-100,00%"
2010,Dec,Accessories,Lights,,,"-100,00%"
2010,Dec,Accessories,Locks,,,"-100,00%"
2010,Dec,Accessories,Panniers,,,"-100,00%"
2010,Dec,Accessories,Pumps,,,"-100,00%"
2010,Dec,Accessories,Tires and Tubes,,,"-100,00%"
2010,Dec,Bikes,Mountain Bikes,222583.20480000007,,"-100,00%"
2010,Dec,Bikes,Road Bikes,215745.03969999973,,"-100,00%"
2010,Dec,Bikes,Touring Bikes,,,"-100,00%"
2010,Dec,Clothing,Bib-Shorts,,,"-100,00%"
2010,Dec,Clothing,Caps,228.208,,"-100,00%"
2010,Dec,Clothing,Gloves,,,"-100,00%"
2010,Dec,Clothing,Jerseys,2664.8495999999986,,"-100,00%"
2010,Dec,Clothing,Shorts,,,"-100,00%"
2010,Dec,Clothing,Socks,146.04090000000002,,"-100,00%"
2010,Dec,Clothing,Tights,,,"-100,00%"
2010,Dec,Clothing,Vests,,,"-100,00%"
2010,Dec,Components,Bike TesteHistory,,,"-100,00%"
2010,Dec,Components,Bottom Brackets,,,"-100,00%"
2010,Dec,Components,Brakes,,,"-100,00%"
2010,Dec,Components,Chains,,,"-100,00%"
2010,Dec,Components,Cranksets,,,"-100,00%"
2010,Dec,Components,Forks,,,"-100,00%"
2010,Dec,Components,Handlebars,,,"-100,00%"
2010,Dec,Components,Headsets,,,"-100,00%"
2010,Dec,Components,Mountain Frames,8317.0568,,"-100,00%"
2010,Dec,Components,Pedals,,,"-100,00%"
2010,Dec,Components,Road Frames,21600.407699999992,,"-100,00%"
2010,Dec,Components,Saddles,,,"-100,00%"
2010,Dec,Components,Touring Frames,,,"-100,00%"
2010,Dec,Components,Wheels,,,"-100,00%"
2011,Jan,Accessories,Bike Racks,,,"-100,00%"
2011,Jan,Accessories,Bike Stands,,,"-100,00%"
2011,Jan,Accessories,Bottles and Cages,,,"-100,00%"
2011,Jan,Accessories,Cleaners,,,"-100,00%"
2011,Jan,Accessories,Fenders,,,"-100,00%"
2011,Jan,Accessories,Helmets,2140.9483999999993,"1010,34","111,90%"
2011,Jan,Accessories,Hydration Packs,,,"-100,00%"
2011,Jan,Accessories,Lights,,,"-100,00%"
2011,Jan,Accessories,Locks,,,"-100,00%"
2011,Jan,Accessories,Panniers,,,"-100,00%"
2011,Jan,Accessories,Pumps,,,"-100,00%"
2011,Jan,Accessories,Tires and Tubes,,,"-100,00%"
2011,Jan,Bikes,Mountain Bikes,1000655.2371999989,"222583,20","349,56%"
2011,Jan,Bikes,Road Bikes,678820.8306000012,"215745,04","214,64%"
2011,Jan,Bikes,Touring Bikes,,,"-100,00%"
2011,Jan,Clothing,Bib-Shorts,,,"-100,00%"
2011,Jan,Clothing,Caps,587.6356,"228,21","157,50%"
2011,Jan,Clothing,Gloves,,,"-100,00%"
2011,Jan,Clothing,Jerseys,6313.155600000005,"2664,85","136,90%"
2011,Jan,Clothing,Shorts,,,"-100,00%"
2011,Jan,Clothing,Socks,499.25609999999983,"146,04","241,86%"
2011,Jan,Clothing,Tights,,,"-100,00%"
2011,Jan,Clothing,Vests,,,"-100,00%"
2011,Jan,Components,Bike TesteHistory,,,"-100,00%"
2011,Jan,Components,Bottom Brackets,,,"-100,00%"
2011,Jan,Components,Brakes,,,"-100,00%"
2011,Jan,Components,Chains,,,"-100,00%"
2011,Jan,Components,Cranksets,,,"-100,00%"
2011,Jan,Components,Forks,,,"-100,00%"
2011,Jan,Components,Handlebars,,,"-100,00%"
2011,Jan,Components,Headsets,,,"-100,00%"
2011,Jan,Components,Mountain Frames,61672.28640000005,"8317,06","641,52%"
2011,Jan,Components,Pedals,,,"-100,00%"
2011,Jan,Components,Road Frames,42513.4346,"21600,41","96,82%"
2011,Jan,Components,Saddles,,,"-100,00%"
2011,Jan,Components,Touring Frames,,,"-100,00%"
2011,Jan,Components,Wheels,,,"-100,00%"
2011,Feb,Accessories,Bike Racks,,,"-100,00%"
2011,Feb,Accessories,Bike Stands,,,"-100,00%"
2011,Feb,Accessories,Bottles and Cages,,,"-100,00%"
2011,Feb,Accessories,Cleaners,,,"-100,00%"
2011,Feb,Accessories,Fenders,,,"-100,00%"
2011,Feb,Accessories,Helmets,,"2140,95","-100,00%"
2011,Feb,Accessories,Hydration Packs,,,"-100,00%"
2011,Feb,Accessories,Lights,,,"-100,00%"
2011,Feb,Accessories,Locks,,,"-100,00%"
2011,Feb,Accessories,Panniers,,,"-100,00%"
2011,Feb,Accessories,Pumps,,,"-100,00%"
2011,Feb,Accessories,Tires and Tubes,,,"-100,00%"
2011,Feb,Bikes,Mountain Bikes,81274.76,"1000655,24","-91,88%"
2011,Feb,Bikes,Road Bikes,356097.6876000002,"678820,83","-47,54%"
2011,Feb,Bikes,Touring Bikes,,,"-100,00%"
2011,Feb,Clothing,Bib-Shorts,,,"-100,00%"
2011,Feb,Clothing,Caps,,"587,64","-100,00%"
2011,Feb,Clothing,Gloves,,,"-100,00%"
2011,Feb,Clothing,Jerseys,,"6313,16","-100,00%"
2011,Feb,Clothing,Shorts,,,"-100,00%"
2011,Feb,Clothing,Socks,,"499,26","-100,00%"
2011,Feb,Clothing,Tights,,,"-100,00%"
2011,Feb,Clothing,Vests,,,"-100,00%"
2011,Feb,Components,Bike TesteHistory,,,"-100,00%"
2011,Feb,Components,Bottom Brackets,,,"-100,00%"
2011,Feb,Components,Brakes,,,"-100,00%"
2011,Feb,Components,Chains,,,"-100,00%"
2011,Feb,Components,Cranksets,,,"-100,00%"
2011,Feb,Components,Forks,,,"-100,00%"
2011,Feb,Components,Handlebars,,,"-100,00%"
2011,Feb,Components,Headsets,,,"-100,00%"
2011,Feb,Components,Mountain Frames,,"61672,29","-100,00%"
2011,Feb,Components,Pedals,,,"-100,00%"
2011,Feb,Components,Road Frames,,"42513,43","-100,00%"
2011,Feb,Components,Saddles,,,"-100,00%"
2011,Feb,Components,Touring Frames,,,"-100,00%"
2011,Feb,Components,Wheels,,,"-100,00%"
2011,Mar,Accessories,Bike Racks,,,"-100,00%"
2011,Mar,Accessories,Bike Stands,,,"-100,00%"
2011,Mar,Accessories,Bottles and Cages,,,"-100,00%"
2011,Mar,Accessories,Cleaners,,,"-100,00%"
2011,Mar,Accessories,Fenders,,,"-100,00%"
2011,Mar,Accessories,Helmets,3091.1446,,"-100,00%"
2011,Mar,Accessories,Hydration Packs,,,"-100,00%"
2011,Mar,Accessories,Lights,,,"-100,00%"
2011,Mar,Accessories,Locks,,,"-100,00%"
2011,Mar,Accessories,Panniers,,,"-100,00%"
2011,Mar,Accessories,Pumps,,,"-100,00%"
2011,Mar,Accessories,Tires and Tubes,,,"-100,00%"
2011,Mar,Bikes,Mountain Bikes,1150558.2963999996,"81274,76","1315,64%"
2011,Mar,Bikes,Road Bikes,1128397.8701000046,"356097,69","216,88%"
2011,Mar,Bikes,Touring Bikes,,,"-100,00%"
2011,Mar,Clothing,Bib-Shorts,,,"-100,00%"
2011,Mar,Clothing,Caps,781.6123999999998,,"-100,00%"
2011,Mar,Clothing,Gloves,,,"-100,00%"
2011,Mar,Clothing,Jerseys,7709.029200000007,,"-100,00%"
2011,Mar,Clothing,Shorts,,,"-100,00%"
2011,Mar,Clothing,Socks,631.7117999999997,,"-100,00%"
2011,Mar,Clothing,Tights,,,"-100,00%"
2011,Mar,Clothing,Vests,,,"-100,00%"
2011,Mar,Components,Bike TesteHistory,,,"-100,00%"
2011,Mar,Components,Bottom Brackets,,,"-100,00%"
2011,Mar,Components,Brakes,,,"-100,00%"
2011,Mar,Components,Chains,,,"-100,00%"
2011,Mar,Components,Cranksets,,,"-100,00%"
2011,Mar,Components,Forks,,,"-100,00%"
2011,Mar,Components,Handlebars,,,"-100,00%"
2011,Mar,Components,Headsets,,,"-100,00%"
2011,Mar,Components,Mountain Frames,89355.01170000002,,"-100,00%"
2011,Mar,Components,Pedals,,,"-100,00%"
2011,Mar,Components,Road Frames,60006.227799999964,,"-100,00%"
2011,Mar,Components,Saddles,,,"-100,00%"
2011,Mar,Components,Touring Frames,,,"-100,00%"
2011,Mar,Components,Wheels,,,"-100,00%"
2011,Apr,Accessories,Bike Racks,,,"-100,00%"
2011,Apr,Accessories,Bike Stands,,,"-100,00%"
2011,Apr,Accessories,Bottles and Cages,,,"-100,00%"
2011,Apr,Accessories,Cleaners,,,"-100,00%"
2011,Apr,Accessories,Fenders,,,"-100,00%"
2011,Apr,Accessories,Helmets,,"3091,14","-100,00%"
2011,Apr,Accessories,Hydration Packs,,,"-100,00%"
2011,Apr,Accessories,Lights,,,"-100,00%"
2011,Apr,Accessories,Locks,,,"-100,00%"
2011,Apr,Accessories,Panniers,,,"-100,00%"
2011,Apr,Accessories,Pumps,,,"-100,00%"
2011,Apr,Accessories,Tires and Tubes,,,"-100,00%"
2011,Apr,Bikes,Mountain Bikes,81274.76,"1150558,30","-92,94%"
2011,Apr,Bikes,Road Bikes,442675.2658000007,"1128397,87","-60,77%"
2011,Apr,Bikes,Touring Bikes,,,"-100,00%"
2011,Apr,Clothing,Bib-Shorts,,,"-100,00%"
2011,Apr,Clothing,Caps,,"781,61","-100,00%"
2011,Apr,Clothing,Gloves,,,"-100,00%"
2011,Apr,Clothing,Jerseys,,"7709,03","-100,00%"
2011,Apr,Clothing,Shorts,,,"-100,00%"
2011,Apr,Clothing,Socks,,"631,71","-100,00%"
2011,Apr,Clothing,Tights,,,"-100,00%"
2011,Apr,Clothing,Vests,,,"-100,00%"
2011,Apr,Components,Bike TesteHistory,,,"-100,00%"
2011,Apr,Components,Bottom Brackets,,,"-100,00%"
2011,Apr,Components,Brakes,,,"-100,00%"
2011,Apr,Components,Chains,,,"-100,00%"
2011,Apr,Components,Cranksets,,,"-100,00%"
2011,Apr,Components,Forks,,,"-100,00%"
2011,Apr,Components,Handlebars,,,"-100,00%"
2011,Apr,Components,Headsets,,,"-100,00%"
2011,Apr,Components,Mountain Frames,,"89355,01","-100,00%"
2011,Apr,Components,Pedals,,,"-100,00%"
2011,Apr,Components,Road Frames,,"60006,23","-100,00%"
2011,Apr,Components,Saddles,,,"-100,00%"
2011,Apr,Components,Touring Frames,,,"-100,00%"
2011,Apr,Components,Wheels,,,"-100,00%"
2011,May,Accessories,Bike Racks,,,"-100,00%"
2011,May,Accessories,Bike Stands,,,"-100,00%"
2011,May,Accessories,Bottles and Cages,,,"-100,00%"
2011,May,Accessories,Cleaners,,,"-100,00%"
2011,May,Accessories,Fenders,,,"-100,00%"
2011,May,Accessories,Helmets,5821.4552,,"-100,00%"
2011,May,Accessories,Hydration Packs,,,"-100,00%"
2011,May,Accessories,Lights,,,"-100,00%"
2011,May,Accessories,Locks,,,"-100,00%"
2011,May,Accessories,Panniers,,,"-100,00%"
2011,May,Accessories,Pumps,,,"-100,00%"
2011,May,Accessories,Tires and Tubes,,,"-100,00%"
2011,May,Bikes,Mountain Bikes,2157397.836400003,"81274,76","2554,45%"
2011,May,Bikes,Road Bikes,1950688.898899997,"442675,27","340,66%"
2011,May,Bikes,Touring Bikes,,,"-100,00%"
2011,May,Clothing,Bib-Shorts,,,"-100,00%"
2011,May,Clothing,Caps,1369.248,,"-100,00%"
2011,May,Clothing,Gloves,,,"-100,00%"
2011,May,Clothing,Jerseys,14498.050799999985,,"-100,00%"
2011,May,Clothing,Shorts,,,"-100,00%"
2011,May,Clothing,Socks,859.2638999999995,,"-100,00%"
2011,May,Clothing,Tights,,,"-100,00%"
2011,May,Clothing,Vests,,,"-100,00%"
2011,May,Components,Bike TesteHistory,,,"-100,00%"
2011,May,Components,Bottom Brackets,,,"-100,00%"
2011,May,Components,Brakes,,,"-100,00%"
2011,May,Components,Chains,,,"-100,00%"
2011,May,Components,Cranksets,,,"-100,00%"
2011,May,Components,Forks,,,"-100,00%"
2011,May,Components,Handlebars,,,"-100,00%"
2011,May,Components,Headsets,,,"-100,00%"
2011,May,Components,Mountain Frames,161459.78770000004,,"-100,00%"
2011,May,Components,Pedals,,,"-100,00%"
2011,May,Components,Road Frames,116515.29259999997,,"-100,00%"
2011,May,Components,Saddles,,,"-100,00%"
2011,May,Components,Touring Frames,,,"-100,00%"
2011,May,Components,Wheels,,,"-100,00%"
2011,Jun,Accessories,Bike Racks,,,"-100,00%"
2011,Jun,Accessories,Bike Stands,,,"-100,00%"
2011,Jun,Accessories,Bottles and Cages,,,"-100,00%"
2011,Jun,Accessories,Cleaners,,,"-100,00%"
2011,Jun,Accessories,Fenders,,,"-100,00%"
2011,Jun,Accessories,Helmets,,"5821,46","-100,00%"
2011,Jun,Accessories,Hydration Packs,,,"-100,00%"
2011,Jun,Accessories,Lights,,,"-100,00%"
2011,Jun,Accessories,Locks,,,"-100,00%"
2011,Jun,Accessories,Panniers,,,"-100,00%"
2011,Jun,Accessories,Pumps,,,"-100,00%"
2011,Jun,Accessories,Tires and Tubes,,,"-100,00%"
2011,Jun,Bikes,Mountain Bikes,121849.64000000006,"2157397,84","-94,35%"
2011,Jun,Bikes,Road Bikes,525674.5740000011,"1950688,90","-73,05%"
2011,Jun,Bikes,Touring Bikes,,,"-100,00%"
2011,Jun,Clothing,Bib-Shorts,,,"-100,00%"
2011,Jun,Clothing,Caps,,"1369,25","-100,00%"
2011,Jun,Clothing,Gloves,,,"-100,00%"
2011,Jun,Clothing,Jerseys,,"14498,05","-100,00%"
2011,Jun,Clothing,Shorts,,,"-100,00%"
2011,Jun,Clothing,Socks,,"859,26","-100,00%"
2011,Jun,Clothing,Tights,,,"-100,00%"
2011,Jun,Clothing,Vests,,,"-100,00%"
2011,Jun,Components,Bike TesteHistory,,,"-100,00%"
2011,Jun,Components,Bottom Brackets,,,"-100,00%"
2011,Jun,Components,Brakes,,,"-100,00%"
2011,Jun,Components,Chains,,,"-100,00%"
2011,Jun,Components,Cranksets,,,"-100,00%"
2011,Jun,Components,Forks,,,"-100,00%"
2011,Jun,Components,Handlebars,,,"-100,00%"
2011,Jun,Components,Headsets,,,"-100,00%"
2011,Jun,Components,Mountain Frames,,"161459,79","-100,00%"
2011,Jun,Components,Pedals,,,"-100,00%"
2011,Jun,Components,Road Frames,,"116515,29","-100,00%"
2011,Jun,Components,Saddles,,,"-100,00%"
2011,Jun,Components,Touring Frames,,,"-100,00%"
2011,Jun,Components,Wheels,,,"-100,00%"
2011,Jul,Accessories,Bike Racks,,,"-100,00%"
2011,Jul,Accessories,Bike Stands,,,"-100,00%"
2011,Jul,Accessories,Bottles and Cages,,,"-100,00%"
2011,Jul,Accessories,Cleaners,,,"-100,00%"
2011,Jul,Accessories,Fenders,,,"-100,00%"
2011,Jul,Accessories,Helmets,348.80619999999993,,"-100,00%"
2011,Jul,Accessories,Hydration Packs,,,"-100,00%"
2011,Jul,Accessories,Lights,,,"-100,00%"
2011,Jul,Accessories,Locks,,,"-100,00%"
2011,Jul,Accessories,Panniers,,,"-100,00%"
2011,Jul,Accessories,Pumps,,,"-100,00%"
2011,Jul,Accessories,Tires and Tubes,,,"-100,00%"
2011,Jul,Bikes,Mountain Bikes,442373.9180000001,"121849,64","263,05%"
2011,Jul,Bikes,Road Bikes,872379.9795000054,"525674,57","65,95%"
2011,Jul,Bikes,Touring Bikes,,,"-100,00%"
2011,Jul,Clothing,Bib-Shorts,,,"-100,00%"
2011,Jul,Clothing,Caps,142.63,,"-100,00%"
2011,Jul,Clothing,Gloves,,,"-100,00%"
2011,Jul,Clothing,Jerseys,1395.8735999999997,,"-100,00%"
2011,Jul,Clothing,Shorts,,,"-100,00%"
2011,Jul,Clothing,Socks,152.83350000000002,,"-100,00%"
2011,Jul,Clothing,Tights,,,"-100,00%"
2011,Jul,Clothing,Vests,,,"-100,00%"
2011,Jul,Components,Bike TesteHistory,,,"-100,00%"
2011,Jul,Components,Bottom Brackets,,,"-100,00%"
2011,Jul,Components,Brakes,,,"-100,00%"
2011,Jul,Components,Chains,,,"-100,00%"
2011,Jul,Components,Cranksets,,,"-100,00%"
2011,Jul,Components,Forks,,,"-100,00%"
2011,Jul,Components,Handlebars,,,"-100,00%"
2011,Jul,Components,Headsets,,,"-100,00%"
2011,Jul,Components,Mountain Frames,9820.4617,,"-100,00%"
2011,Jul,Components,Pedals,,,"-100,00%"
2011,Jul,Components,Road Frames,12158.703600000003,,"-100,00%"
2011,Jul,Components,Saddles,,,"-100,00%"
2011,Jul,Components,Touring Frames,,,"-100,00%"
2011,Jul,Components,Wheels,,,"-100,00%"
2011,Aug,Accessories,Bike Racks,,,"-100,00%"
2011,Aug,Accessories,Bike Stands,,,"-100,00%"
2011,Aug,Accessories,Bottles and Cages,,,"-100,00%"
2011,Aug,Accessories,Cleaners,,,"-100,00%"
2011,Aug,Accessories,Fenders,,,"-100,00%"
2011,Aug,Accessories,Helmets,2598.004799999999,"348,81","644,83%"
2011,Aug,Accessories,Hydration Packs,,,"-100,00%"
2011,Aug,Accessories,Lights,,,"-100,00%"
2011,Aug,Accessories,Locks,,,"-100,00%"
2011,Aug,Accessories,Panniers,,,"-100,00%"
2011,Aug,Accessories,Pumps,,,"-100,00%"
2011,Aug,Accessories,Tires and Tubes,,,"-100,00%"
2011,Aug,Bikes,Mountain Bikes,1813369.7475999983,"442373,92","309,92%"
2011,Aug,Bikes,Road Bikes,1865594.7904000029,"872379,98","113,85%"
2011,Aug,Bikes,Touring Bikes,,,"-100,00%"
2011,Aug,Clothing,Bib-Shorts,,,"-100,00%"
2011,Aug,Clothing,Caps,872.8955999999995,"142,63","512,00%"
2011,Aug,Clothing,Gloves,,,"-100,00%"
2011,Aug,Clothing,Jerseys,9073.178400000003,"1395,87","550,00%"
2011,Aug,Clothing,Shorts,,,"-100,00%"
2011,Aug,Clothing,Socks,614.7302999999997,"152,83","302,22%"
2011,Aug,Clothing,Tights,,,"-100,00%"
2011,Aug,Clothing,Vests,,,"-100,00%"
2011,Aug,Components,Bike TesteHistory,,,"-100,00%"
2011,Aug,Components,Bottom Brackets,,,"-100,00%"
2011,Aug,Components,Brakes,,,"-100,00%"
2011,Aug,Components,Chains,,,"-100,00%"
2011,Aug,Components,Cranksets,,,"-100,00%"
2011,Aug,Components,Forks,,,"-100,00%"
2011,Aug,Components,Handlebars,,,"-100,00%"
2011,Aug,Components,Headsets,,,"-100,00%"
2011,Aug,Components,Mountain Frames,100304.31030000004,"9820,46","921,38%"
2011,Aug,Components,Pedals,,,"-100,00%"
2011,Aug,Components,Road Frames,34694.26980000002,"12158,70","185,35%"
2011,Aug,Components,Saddles,,,"-100,00%"
2011,Aug,Components,Touring Frames,,,"-100,00%"
2011,Aug,Components,Wheels,,,"-100,00%"
2011,Sep,Accessories,Bike Racks,,,"-100,00%"
2011,Sep,Accessories,Bike Stands,,,"-100,00%"
2011,Sep,Accessories,Bottles and Cages,,,"-100,00%"
2011,Sep,Accessories,Cleaners,,,"-100,00%"
2011,Sep,Accessories,Fenders,,,"-100,00%"
2011,Sep,Accessories,Helmets,1058.4464,"2598,00","-59,26%"
2011,Sep,Accessories,Hydration Packs,,,"-100,00%"
2011,Sep,Accessories,Lights,,,"-100,00%"
2011,Sep,Accessories,Locks,,,"-100,00%"
2011,Sep,Accessories,Panniers,,,"-100,00%"
2011,Sep,Accessories,Pumps,,,"-100,00%"
2011,Sep,Accessories,Tires and Tubes,,,"-100,00%"
2011,Sep,Bikes,Mountain Bikes,472681.6692000002,"1813369,75","-73,93%"
2011,Sep,Bikes,Road Bikes,926701.5196000031,"1865594,79","-50,33%"
2011,Sep,Bikes,Touring Bikes,,,"-100,00%"
2011,Sep,Clothing,Bib-Shorts,,,"-100,00%"
2011,Sep,Clothing,Caps,273.8496,"872,90","-68,63%"
2011,Sep,Clothing,Gloves,,,"-100,00%"
2011,Sep,Clothing,Jerseys,3235.8887999999993,"9073,18","-64,34%"
2011,Sep,Clothing,Shorts,,,"-100,00%"
2011,Sep,Clothing,Socks,285.2892,"614,73","-53,59%"
2011,Sep,Clothing,Tights,,,"-100,00%"
2011,Sep,Clothing,Vests,,,"-100,00%"
2011,Sep,Components,Bike TesteHistory,,,"-100,00%"
2011,Sep,Components,Bottom Brackets,,,"-100,00%"
2011,Sep,Components,Brakes,,,"-100,00%"
2011,Sep,Components,Chains,,,"-100,00%"
2011,Sep,Components,Cranksets,,,"-100,00%"
2011,Sep,Components,Forks,,,"-100,00%"
2011,Sep,Components,Handlebars,,,"-100,00%"
2011,Sep,Components,Headsets,,,"-100,00%"
2011,Sep,Components,Mountain Frames,22709.721499999992,"100304,31","-77,36%"
2011,Sep,Components,Pedals,,,"-100,00%"
2011,Sep,Components,Road Frames,36821.36699999999,"34694,27","6,13%"
2011,Sep,Components,Saddles,,,"-100,00%"
2011,Sep,Components,Touring Frames,,,"-100,00%"
2011,Sep,Components,Wheels,,,"-100,00%"
2011,Oct,Accessories,Bike Racks,,,"-100,00%"
2011,Oct,Accessories,Bike Stands,,,"-100,00%"
2011,Oct,Accessories,Bottles and Cages,,,"-100,00%"
2011,Oct,Accessories,Cleaners,,,"-100,00%"
2011,Oct,Accessories,Fenders,,,"-100,00%"
2011,Oct,Accessories,Helmets,3331.7005999999997,"1058,45","214,77%"
2011,Oct,Accessories,Hydration Packs,,,"-100,00%"
2011,Oct,Accessories,Lights,,,"-100,00%"
2011,Oct,Accessories,Locks,,,"-100,00%"
2011,Oct,Accessories,Panniers,,,"-100,00%"
2011,Oct,Accessories,Pumps,,,"-100,00%"
2011,Oct,Accessories,Tires and Tubes,,,"-100,00%"
2011,Oct,Bikes,Mountain Bikes,1262744.865999999,"472681,67","167,14%"
2011,Oct,Bikes,Road Bikes,1404089.5021000034,"926701,52","51,51%"
2011,Oct,Bikes,Touring Bikes,,,"-100,00%"
2011,Oct,Clothing,Bib-Shorts,,,"-100,00%"
2011,Oct,Clothing,Caps,713.1499999999996,"273,85","160,42%"
2011,Oct,Clothing,Gloves,,,"-100,00%"
2011,Oct,Clothing,Jerseys,8914.556400000001,"3235,89","175,49%"
2011,Oct,Clothing,Shorts,,,"-100,00%"
2011,Oct,Clothing,Socks,506.0486999999998,"285,29","77,38%"
2011,Oct,Clothing,Tights,,,"-100,00%"
2011,Oct,Clothing,Vests,,,"-100,00%"
2011,Oct,Components,Bike TesteHistory,,,"-100,00%"
2011,Oct,Components,Bottom Brackets,,,"-100,00%"
2011,Oct,Components,Brakes,,,"-100,00%"
2011,Oct,Components,Chains,,,"-100,00%"
2011,Oct,Components,Cranksets,,,"-100,00%"
2011,Oct,Components,Forks,,,"-100,00%"
2011,Oct,Components,Handlebars,,,"-100,00%"
2011,Oct,Components,Headsets,,,"-100,00%"
2011,Oct,Components,Mountain Frames,86333.31130000006,"22709,72","280,16%"
2011,Oct,Components,Pedals,,,"-100,00%"
2011,Oct,Components,Road Frames,70374.64369999999,"36821,37","91,12%"
2011,Oct,Components,Saddles,,,"-100,00%"
2011,Oct,Components,Touring Frames,,,"-100,00%"
2011,Oct,Components,Wheels,,,"-100,00%"
2011,Nov,Accessories,Bike Racks,,,"-100,00%"
2011,Nov,Accessories,Bike Stands,,,"-100,00%"
2011,Nov,Accessories,Bottles and Cages,,,"-100,00%"
2011,Nov,Accessories,Cleaners,,,"-100,00%"
2011,Nov,Accessories,Fenders,,,"-100,00%"
2011,Nov,Accessories,Helmets,2549.893599999999,"3331,70","-23,47%"
2011,Nov,Accessories,Hydration Packs,,,"-100,00%"
2011,Nov,Accessories,Lights,,,"-100,00%"
2011,Nov,Accessories,Locks,,,"-100,00%"
2011,Nov,Accessories,Panniers,,,"-100,00%"
2011,Nov,Accessories,Pumps,,,"-100,00%"
2011,Nov,Accessories,Tires and Tubes,,,"-100,00%"
2011,Nov,Bikes,Mountain Bikes,1017441.0263999993,"1262744,87","-19,43%"
2011,Nov,Bikes,Road Bikes,1168467.9403000055,"1404089,50","-16,78%"
2011,Nov,Bikes,Touring Bikes,,,"-100,00%"
2011,Nov,Clothing,Bib-Shorts,,,"-100,00%"
2011,Nov,Clothing,Caps,650.3928,"713,15","-8,80%"
2011,Nov,Clothing,Gloves,,,"-100,00%"
2011,Nov,Clothing,Jerseys,6535.226400000004,"8914,56","-26,69%"
2011,Nov,Clothing,Shorts,,,"-100,00%"
2011,Nov,Clothing,Socks,370.19669999999985,"506,05","-26,85%"
2011,Nov,Clothing,Tights,,,"-100,00%"
2011,Nov,Clothing,Vests,,,"-100,00%"
2011,Nov,Components,Bike TesteHistory,,,"-100,00%"
2011,Nov,Components,Bottom Brackets,,,"-100,00%"
2011,Nov,Components,Brakes,,,"-100,00%"
2011,Nov,Components,Chains,,,"-100,00%"
2011,Nov,Components,Cranksets,,,"-100,00%"
2011,Nov,Components,Forks,,,"-100,00%"
2011,Nov,Components,Handlebars,,,"-100,00%"
2011,Nov,Components,Headsets,,,"-100,00%"
2011,Nov,Components,Mountain Frames,81697.6682,"86333,31","-5,37%"
2011,Nov,Components,Pedals,,,"-100,00%"
2011,Nov,Components,Road Frames,46044.5799,"70374,64","-34,57%"
2011,Nov,Components,Saddles,,,"-100,00%"
2011,Nov,Components,Touring Frames,,,"-100,00%"
2011,Nov,Components,Wheels,,,"-100,00%"
2011,Dec,Accessories,Bike Racks,,,"-100,00%"
2011,Dec,Accessories,Bike Stands,,,"-100,00%"
2011,Dec,Accessories,Bottles and Cages,,,"-100,00%"
2011,Dec,Accessories,Cleaners,,,"-100,00%"
2011,Dec,Accessories,Fenders,,,"-100,00%"
2011,Dec,Accessories,Helmets,6828.074400000005,"2549,89","167,78%"
2011,Dec,Accessories,Hydration Packs,,,"-100,00%"
2011,Dec,Accessories,Lights,,,"-100,00%"
2011,Dec,Accessories,Locks,1103.4375,,"-100,00%"
2011,Dec,Accessories,Panniers,,,"-100,00%"
2011,Dec,Accessories,Pumps,1005.9998000000004,,"-100,00%"
2011,Dec,Accessories,Tires and Tubes,,,"-100,00%"
2011,Dec,Bikes,Mountain Bikes,789736.0259000002,"1017441,03","-22,38%"
2011,Dec,Bikes,Road Bikes,1669137.6383999991,"1168467,94","42,85%"
2011,Dec,Bikes,Touring Bikes,,,"-100,00%"
2011,Dec,Clothing,Bib-Shorts,11952.929799999989,,"-100,00%"
2011,Dec,Clothing,Caps,1124.3855000000005,"650,39","72,88%"
2011,Dec,Clothing,Gloves,10999.590599999992,,"-100,00%"
2011,Dec,Clothing,Jerseys,14133.220200000016,"6535,23","116,26%"
2011,Dec,Clothing,Shorts,5790.540599999995,,"-100,00%"
2011,Dec,Clothing,Socks,,"370,20","-100,00%"
2011,Dec,Clothing,Tights,13146.694999999985,,"-100,00%"
2011,Dec,Clothing,Vests,,,"-100,00%"
2011,Dec,Components,Bike TesteHistory,,,"-100,00%"
2011,Dec,Components,Bottom Brackets,,,"-100,00%"
2011,Dec,Components,Brakes,,,"-100,00%"
2011,Dec,Components,Chains,,,"-100,00%"
2011,Dec,Components,Cranksets,,,"-100,00%"
2011,Dec,Components,Forks,3432.5919,,"-100,00%"
2011,Dec,Components,Handlebars,6416.047499999998,,"-100,00%"
2011,Dec,Components,Headsets,1916.3756999999998,,"-100,00%"
2011,Dec,Components,Mountain Frames,136299.1983,"81697,67","66,83%"
2011,Dec,Components,Pedals,,,"-100,00%"
2011,Dec,Components,Road Frames,249842.87140000027,"46044,58","442,61%"
2011,Dec,Components,Saddles,,,"-100,00%"
2011,Dec,Components,Touring Frames,,,"-100,00%"
2011,Dec,Components,Wheels,51388.54180000003,,"-100,00%"
2012,Jan,Accessories,Bike Racks,,,"-100,00%"
2012,Jan,Accessories,Bike Stands,,,"-100,00%"
2012,Jan,Accessories,Bottles and Cages,,,"-100,00%"
2012,Jan,Accessories,Cleaners,,,"-100,00%"
2012,Jan,Accessories,Fenders,,,"-100,00%"
2012,Jan,Accessories,Helmets,9645.349000000011,"6828,07","41,26%"
2012,Jan,Accessories,Hydration Packs,,,"-100,00%"
2012,Jan,Accessories,Lights,,,"-100,00%"
2012,Jan,Accessories,Locks,1732.5,"1103,44","57,01%"
2012,Jan,Accessories,Panniers,,,"-100,00%"
2012,Jan,Accessories,Pumps,1426.5407,"1006,00","41,80%"
2012,Jan,Accessories,Tires and Tubes,,,"-100,00%"
2012,Jan,Bikes,Mountain Bikes,1108072.5985000015,"789736,03","40,31%"
2012,Jan,Bikes,Road Bikes,2154875.4666999956,"1669137,64","29,10%"
2012,Jan,Bikes,Touring Bikes,,,"-100,00%"
2012,Jan,Clothing,Bib-Shorts,18189.240999999984,"11952,93","52,17%"
2012,Jan,Clothing,Caps,1804.246500000001,"1124,39","60,47%"
2012,Jan,Clothing,Gloves,14269.37919999999,"10999,59","29,73%"
2012,Jan,Clothing,Jerseys,20560.05490000002,"14133,22","45,47%"
2012,Jan,Clothing,Shorts,6037.999599999996,"5790,54","4,27%"
2012,Jan,Clothing,Socks,,,"-100,00%"
2012,Jan,Clothing,Tights,19116.841199999984,"13146,69","45,41%"
2012,Jan,Clothing,Vests,,,"-100,00%"
2012,Jan,Components,Bike TesteHistory,,,"-100,00%"
2012,Jan,Components,Bottom Brackets,,,"-100,00%"
2012,Jan,Components,Brakes,,,"-100,00%"
2012,Jan,Components,Chains,,,"-100,00%"
2012,Jan,Components,Cranksets,,,"-100,00%"
2012,Jan,Components,Forks,8166.432900000001,"3432,59","137,91%"
2012,Jan,Components,Handlebars,10591.054299999994,"6416,05","65,07%"
2012,Jan,Components,Headsets,6628.394999999999,"1916,38","245,88%"
2012,Jan,Components,Mountain Frames,216337.6645000001,"136299,20","58,72%"
2012,Jan,Components,Pedals,,,"-100,00%"
2012,Jan,Components,Road Frames,367501.14279999933,"249842,87","47,09%"
2012,Jan,Components,Saddles,,,"-100,00%"
2012,Jan,Components,Touring Frames,,,"-100,00%"
2012,Jan,Components,Wheels,92140.65040000007,"51388,54","79,30%"
2012,Feb,Accessories,Bike Racks,,,"-100,00%"
2012,Feb,Accessories,Bike Stands,,,"-100,00%"
2012,Feb,Accessories,Bottles and Cages,,,"-100,00%"
2012,Feb,Accessories,Cleaners,,,"-100,00%"
2012,Feb,Accessories,Fenders,,,"-100,00%"
2012,Feb,Accessories,Helmets,8077.112400000011,"9645,35","-16,26%"
2012,Feb,Accessories,Hydration Packs,,,"-100,00%"
2012,Feb,Accessories,Lights,,,"-100,00%"
2012,Feb,Accessories,Locks,1536.5625,"1732,50","-11,31%"
2012,Feb,Accessories,Panniers,,,"-100,00%"
2012,Feb,Accessories,Pumps,1129.6883000000003,"1426,54","-20,81%"
2012,Feb,Accessories,Tires and Tubes,,,"-100,00%"
2012,Feb,Bikes,Mountain Bikes,1038569.7109000013,"1108072,60","-6,27%"
2012,Feb,Bikes,Road Bikes,1548860.5767999971,"2154875,47","-28,12%"
2012,Feb,Bikes,Touring Bikes,,,"-100,00%"
2012,Feb,Clothing,Bib-Shorts,16184.712399999982,"18189,24","-11,02%"
2012,Feb,Clothing,Caps,1202.8310000000004,"1804,25","-33,33%"
2012,Feb,Clothing,Gloves,12637.140700000005,"14269,38","-11,44%"
2012,Feb,Clothing,Jerseys,15500.013100000011,"20560,05","-24,61%"
2012,Feb,Clothing,Shorts,6285.458599999999,"6038,00","4,10%"
2012,Feb,Clothing,Socks,,,"-100,00%"
2012,Feb,Clothing,Tights,14817.098599999983,"19116,84","-22,49%"
2012,Feb,Clothing,Vests,,,"-100,00%"
2012,Feb,Components,Bike TesteHistory,,,"-100,00%"
2012,Feb,Components,Bottom Brackets,,,"-100,00%"
2012,Feb,Components,Brakes,,,"-100,00%"
2012,Feb,Components,Chains,,,"-100,00%"
2012,Feb,Components,Cranksets,,,"-100,00%"
2012,Feb,Components,Forks,7811.951999999999,"8166,43","-4,34%"
2012,Feb,Components,Handlebars,9145.3343,"10591,05","-13,65%"
2012,Feb,Components,Headsets,6194.3580999999995,"6628,40","-6,55%"
2012,Feb,Components,Mountain Frames,187667.17399999988,"216337,66","-13,25%"
2012,Feb,Components,Pedals,,,"-100,00%"
2012,Feb,Components,Road Frames,268878.46299999993,"367501,14","-26,84%"
2012,Feb,Components,Saddles,,,"-100,00%"
2012,Feb,Components,Touring Frames,,,"-100,00%"
2012,Feb,Components,Wheels,70609.09819999998,"92140,65","-23,37%"
2012,Mar,Accessories,Bike Racks,,,"-100,00%"
2012,Mar,Accessories,Bike Stands,,,"-100,00%"
2012,Mar,Accessories,Bottles and Cages,,,"-100,00%"
2012,Mar,Accessories,Cleaners,,,"-100,00%"
2012,Mar,Accessories,Fenders,,,"-100,00%"
2012,Mar,Accessories,Helmets,5134.934000000002,"8077,11","-36,43%"
2012,Mar,Accessories,Hydration Packs,,,"-100,00%"
2012,Mar,Accessories,Lights,,,"-100,00%"
2012,Mar,Accessories,Locks,660,"1536,56","-57,05%"
2012,Mar,Accessories,Panniers,,,"-100,00%"
2012,Mar,Accessories,Pumps,535.9835000000002,"1129,69","-52,55%"
2012,Mar,Accessories,Tires and Tubes,,,"-100,00%"
2012,Mar,Bikes,Mountain Bikes,630204.4031999997,"1038569,71","-39,32%"
2012,Mar,Bikes,Road Bikes,1250654.1776999976,"1548860,58","-19,25%"
2012,Mar,Bikes,Touring Bikes,,,"-100,00%"
2012,Mar,Clothing,Bib-Shorts,7349.938199999997,"16184,71","-54,59%"
2012,Mar,Clothing,Caps,805.3737999999998,"1202,83","-33,04%"
2012,Mar,Clothing,Gloves,7465.3338000000085,"12637,14","-40,93%"
2012,Mar,Clothing,Jerseys,9654.792400000004,"15500,01","-37,71%"
2012,Mar,Clothing,Shorts,4652.229199999998,"6285,46","-25,98%"
2012,Mar,Clothing,Socks,,,"-100,00%"
2012,Mar,Clothing,Tights,11290.690999999988,"14817,10","-23,80%"
2012,Mar,Clothing,Vests,,,"-100,00%"
2012,Mar,Components,Bike TesteHistory,,,"-100,00%"
2012,Mar,Components,Bottom Brackets,,,"-100,00%"
2012,Mar,Components,Brakes,,,"-100,00%"
2012,Mar,Components,Chains,,,"-100,00%"
2012,Mar,Components,Cranksets,,,"-100,00%"
2012,Mar,Components,Forks,3031.3756000000008,"7811,95","-61,20%"
2012,Mar,Components,Handlebars,3827.208,"9145,33","-58,15%"
2012,Mar,Components,Headsets,3283.3463000000006,"6194,36","-46,99%"
2012,Mar,Components,Mountain Frames,91917.76809999997,"187667,17","-51,02%"
2012,Mar,Components,Pedals,,,"-100,00%"
2012,Mar,Components,Road Frames,103901.9234,"268878,46","-61,36%"
2012,Mar,Components,Saddles,,,"-100,00%"
2012,Mar,Components,Touring Frames,,,"-100,00%"
2012,Mar,Components,Wheels,32398.6833,"70609,10","-54,12%"
2012,Apr,Accessories,Bike Racks,,,"-100,00%"
2012,Apr,Accessories,Bike Stands,,,"-100,00%"
2012,Apr,Accessories,Bottles and Cages,,,"-100,00%"
2012,Apr,Accessories,Cleaners,,,"-100,00%"
2012,Apr,Accessories,Fenders,,,"-100,00%"
2012,Apr,Accessories,Helmets,6633.779600000005,"5134,93","29,19%"
2012,Apr,Accessories,Hydration Packs,,,"-100,00%"
2012,Apr,Accessories,Lights,,,"-100,00%"
2012,Apr,Accessories,Locks,1113.75,"660,00","68,75%"
2012,Apr,Accessories,Panniers,,,"-100,00%"
2012,Apr,Accessories,Pumps,940.0326000000005,"535,98","75,38%"
2012,Apr,Accessories,Tires and Tubes,,,"-100,00%"
2012,Apr,Bikes,Mountain Bikes,1011382.7767000004,"630204,40","60,48%"
2012,Apr,Bikes,Road Bikes,1802967.1587999975,"1250654,18","44,16%"
2012,Apr,Bikes,Touring Bikes,,,"-100,00%"
2012,Apr,Clothing,Bib-Shorts,7795.388999999997,"7349,94","6,06%"
2012,Apr,Clothing,Caps,1171.4528000000003,"805,37","45,45%"
2012,Apr,Clothing,Gloves,10562.478599999995,"7465,33","41,49%"
2012,Apr,Clothing,Jerseys,13813.332500000015,"9654,79","43,07%"
2012,Apr,Clothing,Shorts,5963.761899999997,"4652,23","28,19%"
2012,Apr,Clothing,Socks,,,"-100,00%"
2012,Apr,Clothing,Tights,15806.967399999974,"11290,69","40,00%"
2012,Apr,Clothing,Vests,,,"-100,00%"
2012,Apr,Components,Bike TesteHistory,,,"-100,00%"
2012,Apr,Components,Bottom Brackets,,,"-100,00%"
2012,Apr,Components,Brakes,,,"-100,00%"
2012,Apr,Components,Chains,,,"-100,00%"
2012,Apr,Components,Cranksets,,,"-100,00%"
2012,Apr,Components,Forks,7051.9613999999965,"3031,38","132,63%"
2012,Apr,Components,Handlebars,5405.660599999998,"3827,21","41,24%"
2012,Apr,Components,Headsets,4261.633699999999,"3283,35","29,80%"
2012,Apr,Components,Mountain Frames,158592.64360000007,"91917,77","72,54%"
2012,Apr,Components,Pedals,,,"-100,00%"
2012,Apr,Components,Road Frames,186628.1876999999,"103901,92","79,62%"
2012,Apr,Components,Saddles,,,"-100,00%"
2012,Apr,Components,Touring Frames,,,"-100,00%"
2012,Apr,Components,Wheels,52594.35320000001,"32398,68","62,33%"
2012,May,Accessories,Bike Racks,,,"-100,00%"
2012,May,Accessories,Bike Stands,,,"-100,00%"
2012,May,Accessories,Bottles and Cages,,,"-100,00%"
2012,May,Accessories,Cleaners,,,"-100,00%"
2012,May,Accessories,Fenders,,,"-100,00%"
2012,May,Accessories,Helmets,5426.376200000003,"6633,78","-18,20%"
2012,May,Accessories,Hydration Packs,,,"-100,00%"
2012,May,Accessories,Lights,,,"-100,00%"
2012,May,Accessories,Locks,825,"1113,75","-25,93%"
2012,May,Accessories,Panniers,,,"-100,00%"
2012,May,Accessories,Pumps,742.1310000000002,"940,03","-21,05%"
2012,May,Accessories,Tires and Tubes,,,"-100,00%"
2012,May,Bikes,Mountain Bikes,842534.8482999995,"1011382,78","-16,69%"
2012,May,Bikes,Road Bikes,1208617.3805999998,"1802967,16","-32,97%"
2012,May,Bikes,Touring Bikes,,,"-100,00%"
2012,May,Clothing,Bib-Shorts,9168.862299999997,"7795,39","17,62%"
2012,May,Clothing,Caps,1150.534,"1171,45","-1,79%"
2012,May,Clothing,Gloves,9299.73870000001,"10562,48","-11,95%"
2012,May,Clothing,Jerseys,12475.620300000011,"13813,33","-9,68%"
2012,May,Clothing,Shorts,5369.8602999999985,"5963,76","-9,96%"
2012,May,Clothing,Socks,,,"-100,00%"
2012,May,Clothing,Tights,12187.759599999987,"15806,97","-22,90%"
2012,May,Clothing,Vests,,,"-100,00%"
2012,May,Components,Bike TesteHistory,,,"-100,00%"
2012,May,Components,Bottom Brackets,,,"-100,00%"
2012,May,Components,Brakes,,,"-100,00%"
2012,May,Components,Chains,,,"-100,00%"
2012,May,Components,Cranksets,,,"-100,00%"
2012,May,Components,Forks,7338.5679,"7051,96","4,06%"
2012,May,Components,Handlebars,4326.130300000001,"5405,66","-19,97%"
2012,May,Components,Headsets,4618.6496,"4261,63","8,38%"
2012,May,Components,Mountain Frames,143492.43459999998,"158592,64","-9,52%"
2012,May,Components,Pedals,,,"-100,00%"
2012,May,Components,Road Frames,133202.61739999996,"186628,19","-28,63%"
2012,May,Components,Saddles,,,"-100,00%"
2012,May,Components,Touring Frames,,,"-100,00%"
2012,May,Components,Wheels,36309.17160000002,"52594,35","-30,96%"
2012,Jun,Accessories,Bike Racks,,,"-100,00%"
2012,Jun,Accessories,Bike Stands,,,"-100,00%"
2012,Jun,Accessories,Bottles and Cages,,,"-100,00%"
2012,Jun,Accessories,Cleaners,,,"-100,00%"
2012,Jun,Accessories,Fenders,,,"-100,00%"
2012,Jun,Accessories,Helmets,2317.6594000000005,"5426,38","-57,29%"
2012,Jun,Accessories,Hydration Packs,,,"-100,00%"
2012,Jun,Accessories,Lights,,,"-100,00%"
2012,Jun,Accessories,Locks,495,"825,00","-40,00%"
2012,Jun,Accessories,Panniers,,,"-100,00%"
2012,Jun,Accessories,Pumps,437.0327000000001,"742,13","-41,11%"
2012,Jun,Accessories,Tires and Tubes,,,"-100,00%"
2012,Jun,Bikes,Mountain Bikes,640060.5858000002,"842534,85","-24,03%"
2012,Jun,Bikes,Road Bikes,1019091.3469999989,"1208617,38","-15,68%"
2012,Jun,Bikes,Touring Bikes,,,"-100,00%"
2012,Jun,Clothing,Bib-Shorts,4491.628899999998,"9168,86","-51,01%"
2012,Jun,Clothing,Caps,444.52449999999993,"1150,53","-61,36%"
2012,Jun,Clothing,Gloves,4907.338700000005,"9299,74","-47,23%"
2012,Jun,Clothing,Jerseys,4827.396199999998,"12475,62","-61,31%"
2012,Jun,Clothing,Shorts,2449.8440999999984,"5369,86","-54,38%"
2012,Jun,Clothing,Socks,,,"-100,00%"
2012,Jun,Clothing,Tights,5382.411599999996,"12187,76","-55,84%"
2012,Jun,Clothing,Vests,,,"-100,00%"
2012,Jun,Components,Bike TesteHistory,,,"-100,00%"
2012,Jun,Components,Bottom Brackets,,,"-100,00%"
2012,Jun,Components,Brakes,,,"-100,00%"
2012,Jun,Components,Chains,,,"-100,00%"
2012,Jun,Components,Cranksets,,,"-100,00%"
2012,Jun,Components,Forks,1528.404,"7338,57","-79,17%"
2012,Jun,Components,Handlebars,1190.4708,"4326,13","-72,48%"
2012,Jun,Components,Headsets,1346.9771,"4618,65","-70,84%"
2012,Jun,Components,Mountain Frames,39092.6644,"143492,43","-72,76%"
2012,Jun,Components,Pedals,,,"-100,00%"
2012,Jun,Components,Road Frames,41157.426699999996,"133202,62","-69,10%"
2012,Jun,Components,Saddles,,,"-100,00%"
2012,Jun,Components,Touring Frames,,,"-100,00%"
2012,Jun,Components,Wheels,12695.075100000002,"36309,17","-65,04%"
2012,Jul,Accessories,Bike Racks,,,"-100,00%"
2012,Jul,Accessories,Bike Stands,,,"-100,00%"
2012,Jul,Accessories,Bottles and Cages,,,"-100,00%"
2012,Jul,Accessories,Cleaners,,,"-100,00%"
2012,Jul,Accessories,Fenders,,,"-100,00%"
2012,Jul,Accessories,Helmets,2997.6912000000016,"2317,66","29,34%"
2012,Jul,Accessories,Hydration Packs,,,"-100,00%"
2012,Jul,Accessories,Lights,,,"-100,00%"
2012,Jul,Accessories,Locks,505.3125,"495,00","2,08%"
2012,Jul,Accessories,Panniers,,,"-100,00%"
2012,Jul,Accessories,Pumps,321.59010000000006,"437,03","-26,42%"
2012,Jul,Accessories,Tires and Tubes,,,"-100,00%"
2012,Jul,Bikes,Mountain Bikes,947603.7078000006,"640060,59","48,05%"
2012,Jul,Bikes,Road Bikes,1639816.1496999995,"1019091,35","60,91%"
2012,Jul,Bikes,Touring Bikes,,,"-100,00%"
2012,Jul,Clothing,Bib-Shorts,5827.981299999999,"4491,63","29,75%"
2012,Jul,Clothing,Caps,706.0094999999999,"444,52","58,82%"
2012,Jul,Clothing,Gloves,8021.064000000016,"4907,34","63,45%"
2012,Jul,Clothing,Jerseys,7560.982000000002,"4827,40","56,63%"
2012,Jul,Clothing,Shorts,2697.3030999999987,"2449,84","10,10%"
2012,Jul,Clothing,Socks,,,"-100,00%"
2012,Jul,Clothing,Tights,6774.4145999999955,"5382,41","25,86%"
2012,Jul,Clothing,Vests,,,"-100,00%"
2012,Jul,Components,Bike TesteHistory,,,"-100,00%"
2012,Jul,Components,Bottom Brackets,,,"-100,00%"
2012,Jul,Components,Brakes,,,"-100,00%"
2012,Jul,Components,Chains,,,"-100,00%"
2012,Jul,Components,Cranksets,,,"-100,00%"
2012,Jul,Components,Forks,2751.1272000000004,"1528,40","80,00%"
2012,Jul,Components,Handlebars,1678.0643999999998,"1190,47","40,96%"
2012,Jul,Components,Headsets,2989.6173999999996,"1346,98","121,95%"
2012,Jul,Components,Mountain Frames,96224.3495,"39092,66","146,14%"
2012,Jul,Components,Pedals,,,"-100,00%"
2012,Jul,Components,Road Frames,38761.21379999997,"41157,43","-5,82%"
2012,Jul,Components,Saddles,,,"-100,00%"
2012,Jul,Components,Touring Frames,,,"-100,00%"
2012,Jul,Components,Wheels,16976.520399999994,"12695,08","33,73%"
2012,Aug,Accessories,Bike Racks,,,"-100,00%"
2012,Aug,Accessories,Bike Stands,,,"-100,00%"
2012,Aug,Accessories,Bottles and Cages,,,"-100,00%"
2012,Aug,Accessories,Cleaners,,,"-100,00%"
2012,Aug,Accessories,Fenders,,,"-100,00%"
2012,Aug,Accessories,Helmets,2706.2490000000007,"2997,69","-9,72%"
2012,Aug,Accessories,Hydration Packs,,,"-100,00%"
2012,Aug,Accessories,Lights,,,"-100,00%"
2012,Aug,Accessories,Locks,515.625,"505,31","2,04%"
2012,Aug,Accessories,Panniers,,,"-100,00%"
2012,Aug,Accessories,Pumps,453.5245,"321,59","41,03%"
2012,Aug,Accessories,Tires and Tubes,,,"-100,00%"
2012,Aug,Bikes,Mountain Bikes,757357.7527000005,"947603,71","-20,08%"
2012,Aug,Bikes,Road Bikes,1082042.9653999987,"1639816,15","-34,01%"
2012,Aug,Bikes,Touring Bikes,,,"-100,00%"
2012,Aug,Clothing,Bib-Shorts,4491.628899999998,"5827,98","-22,93%"
2012,Aug,Clothing,Caps,648.4828,"706,01","-8,15%"
2012,Aug,Clothing,Gloves,5126.731300000007,"8021,06","-36,08%"
2012,Aug,Clothing,Jerseys,5990.624199999999,"7560,98","-20,77%"
2012,Aug,Clothing,Shorts,2573.5735999999993,"2697,30","-4,59%"
2012,Aug,Clothing,Socks,,,"-100,00%"
2012,Aug,Clothing,Tights,6867.214799999994,"6774,41","1,37%"
2012,Aug,Clothing,Vests,,,"-100,00%"
2012,Aug,Components,Bike TesteHistory,,,"-100,00%"
2012,Aug,Components,Bottom Brackets,,,"-100,00%"
2012,Aug,Components,Brakes,,,"-100,00%"
2012,Aug,Components,Chains,,,"-100,00%"
2012,Aug,Components,Cranksets,,,"-100,00%"
2012,Aug,Components,Forks,3056.808,"2751,13","11,11%"
2012,Aug,Components,Handlebars,1774.9696000000004,"1678,06","5,77%"
2012,Aug,Components,Headsets,3782.7935,"2989,62","26,53%"
2012,Aug,Components,Mountain Frames,74313.44410000002,"96224,35","-22,77%"
2012,Aug,Components,Pedals,,,"-100,00%"
2012,Aug,Components,Road Frames,42821.16079999999,"38761,21","10,47%"
2012,Aug,Components,Saddles,,,"-100,00%"
2012,Aug,Components,Touring Frames,,,"-100,00%"
2012,Aug,Components,Wheels,17085.92969999999,"16976,52","0,64%"
2012,Sep,Accessories,Bike Racks,,,"-100,00%"
2012,Sep,Accessories,Bike Stands,,,"-100,00%"
2012,Sep,Accessories,Bottles and Cages,,,"-100,00%"
2012,Sep,Accessories,Cleaners,,,"-100,00%"
2012,Sep,Accessories,Fenders,,,"-100,00%"
2012,Sep,Accessories,Helmets,5426.376200000003,"2706,25","100,51%"
2012,Sep,Accessories,Hydration Packs,,,"-100,00%"
2012,Sep,Accessories,Lights,,,"-100,00%"
2012,Sep,Accessories,Locks,721.875,"515,63","40,00%"
2012,Sep,Accessories,Panniers,,,"-100,00%"
2012,Sep,Accessories,Pumps,667.9179000000001,"453,52","47,27%"
2012,Sep,Accessories,Tires and Tubes,,,"-100,00%"
2012,Sep,Bikes,Mountain Bikes,792084.5628000005,"757357,75","4,59%"
2012,Sep,Bikes,Road Bikes,1165074.0884999996,"1082042,97","7,67%"
2012,Sep,Bikes,Touring Bikes,,,"-100,00%"
2012,Sep,Clothing,Bib-Shorts,7832.509899999994,"4491,63","74,38%"
2012,Sep,Clothing,Caps,763.5361999999999,"648,48","17,74%"
2012,Sep,Clothing,Gloves,8066.667400000009,"5126,73","57,35%"
2012,Sep,Clothing,Jerseys,9451.227500000008,"5990,62","57,77%"
2012,Sep,Clothing,Shorts,4330.5324999999975,"2573,57","68,27%"
2012,Sep,Clothing,Socks,,,"-100,00%"
2012,Sep,Clothing,Tights,9713.087599999992,"6867,21","41,44%"
2012,Sep,Clothing,Vests,,,"-100,00%"
2012,Sep,Components,Bike TesteHistory,,,"-100,00%"
2012,Sep,Components,Bottom Brackets,,,"-100,00%"
2012,Sep,Components,Brakes,,,"-100,00%"
2012,Sep,Components,Chains,,,"-100,00%"
2012,Sep,Components,Cranksets,,,"-100,00%"
2012,Sep,Components,Forks,1617.5814000000003,"3056,81","-47,08%"
2012,Sep,Components,Handlebars,3354.7150999999994,"1774,97","89,00%"
2012,Sep,Components,Headsets,2102.3719,"3782,79","-44,42%"
2012,Sep,Components,Mountain Frames,97851.00369999999,"74313,44","31,67%"
2012,Sep,Components,Pedals,,,"-100,00%"
2012,Sep,Components,Road Frames,118606.62839999999,"42821,16","176,98%"
2012,Sep,Components,Saddles,,,"-100,00%"
2012,Sep,Components,Touring Frames,,,"-100,00%"
2012,Sep,Components,Wheels,33386.56579999999,"17085,93","95,40%"
2012,Oct,Accessories,Bike Racks,,,"-100,00%"
2012,Oct,Accessories,Bike Stands,,,"-100,00%"
2012,Oct,Accessories,Bottles and Cages,,,"-100,00%"
2012,Oct,Accessories,Cleaners,,,"-100,00%"
2012,Oct,Accessories,Fenders,,,"-100,00%"
2012,Oct,Accessories,Helmets,6508.8758000000025,"5426,38","19,95%"
2012,Oct,Accessories,Hydration Packs,,,"-100,00%"
2012,Oct,Accessories,Lights,,,"-100,00%"
2012,Oct,Accessories,Locks,1041.5625,"721,88","44,29%"
2012,Oct,Accessories,Panniers,,,"-100,00%"
2012,Oct,Accessories,Pumps,1030.7375000000004,"667,92","54,32%"
2012,Oct,Accessories,Tires and Tubes,,,"-100,00%"
2012,Oct,Bikes,Mountain Bikes,974110.7400000016,"792084,56","22,98%"
2012,Oct,Bikes,Road Bikes,1833281.5520999955,"1165074,09","57,35%"
2012,Oct,Bikes,Touring Bikes,,,"-100,00%"
2012,Oct,Clothing,Bib-Shorts,11804.446199999988,"7832,51","50,71%"
2012,Oct,Clothing,Caps,1276.0467999999994,"763,54","67,12%"
2012,Oct,Clothing,Gloves,12510.482099999997,"8066,67","55,09%"
2012,Oct,Clothing,Jerseys,12708.265900000013,"9451,23","34,46%"
2012,Oct,Clothing,Shorts,5741.048799999995,"4330,53","32,57%"
2012,Oct,Clothing,Socks,,,"-100,00%"
2012,Oct,Clothing,Tights,13456.028999999982,"9713,09","38,54%"
2012,Oct,Clothing,Vests,,,"-100,00%"
2012,Oct,Components,Bike TesteHistory,,,"-100,00%"
2012,Oct,Components,Bottom Brackets,,,"-100,00%"
2012,Oct,Components,Brakes,,,"-100,00%"
2012,Oct,Components,Chains,,,"-100,00%"
2012,Oct,Components,Cranksets,,,"-100,00%"
2012,Oct,Components,Forks,5648.8187,"1617,58","249,21%"
2012,Oct,Components,Handlebars,4352.5695,"3354,72","29,74%"
2012,Oct,Components,Headsets,3912.3163999999997,"2102,37","86,09%"
2012,Oct,Components,Mountain Frames,156380.2211,"97851,00","59,81%"
2012,Oct,Components,Pedals,,,"-100,00%"
2012,Oct,Components,Road Frames,173180.89409999983,"118606,63","46,01%"
2012,Oct,Components,Saddles,,,"-100,00%"
2012,Oct,Components,Touring Frames,,,"-100,00%"
2012,Oct,Components,Wheels,47309.520799999984,"33386,57","41,70%"
2012,Nov,Accessories,Bike Racks,,,"-100,00%"
2012,Nov,Accessories,Bike Stands,,,"-100,00%"
2012,Nov,Accessories,Bottles and Cages,,,"-100,00%"
2012,Nov,Accessories,Cleaners,,,"-100,00%"
2012,Nov,Accessories,Fenders,,,"-100,00%"
2012,Nov,Accessories,Helmets,5842.722200000006,"6508,88","-10,23%"
2012,Nov,Accessories,Hydration Packs,,,"-100,00%"
2012,Nov,Accessories,Lights,,,"-100,00%"
2012,Nov,Accessories,Locks,948.75,"1041,56","-8,91%"
2012,Nov,Accessories,Panniers,,,"-100,00%"
2012,Nov,Accessories,Pumps,626.6884000000001,"1030,74","-39,20%"
2012,Nov,Accessories,Tires and Tubes,,,"-100,00%"
2012,Nov,Bikes,Mountain Bikes,830880.8420000002,"974110,74","-14,70%"
2012,Nov,Bikes,Road Bikes,1190683.5271999987,"1833281,55","-35,05%"
2012,Nov,Bikes,Touring Bikes,,,"-100,00%"
2012,Nov,Clothing,Bib-Shorts,10393.851999999992,"11804,45","-11,95%"
2012,Nov,Clothing,Caps,951.8054,"1276,05","-25,41%"
2012,Nov,Clothing,Gloves,9253.781600000011,"12510,48","-26,03%"
2012,Nov,Clothing,Jerseys,9567.550300000004,"12708,27","-24,71%"
2012,Nov,Clothing,Shorts,4676.975099999998,"5741,05","-18,53%"
2012,Nov,Clothing,Socks,,,"-100,00%"
2012,Nov,Clothing,Tights,12558.96039999999,"13456,03","-6,67%"
2012,Nov,Clothing,Vests,,,"-100,00%"
2012,Nov,Components,Bike TesteHistory,,,"-100,00%"
2012,Nov,Components,Bottom Brackets,,,"-100,00%"
2012,Nov,Components,Brakes,,,"-100,00%"
2012,Nov,Components,Chains,,,"-100,00%"
2012,Nov,Components,Cranksets,,,"-100,00%"
2012,Nov,Components,Forks,6308.9803999999995,"5648,82","11,69%"
2012,Nov,Components,Handlebars,5026.4442,"4352,57","15,48%"
2012,Nov,Components,Headsets,4457.318,"3912,32","13,93%"
2012,Nov,Components,Mountain Frames,136794.82849999997,"156380,22","-12,52%"
2012,Nov,Components,Pedals,,,"-100,00%"
2012,Nov,Components,Road Frames,131643.28839999996,"173180,89","-23,99%"
2012,Nov,Components,Saddles,,,"-100,00%"
2012,Nov,Components,Touring Frames,,,"-100,00%"
2012,Nov,Components,Wheels,40835.604600000006,"47309,52","-13,68%"
2012,Dec,Accessories,Bike Racks,9918.48,,"-100,00%"
2012,Dec,Accessories,Bike Stands,,,"-100,00%"
2012,Dec,Accessories,Bottles and Cages,438.58050000000003,,"-100,00%"
2012,Dec,Accessories,Cleaners,674.9390999999996,,"-100,00%"
2012,Dec,Accessories,Fenders,,,"-100,00%"
2012,Dec,Accessories,Helmets,8898.683999999994,"5842,72","52,30%"
2012,Dec,Accessories,Hydration Packs,3455.1383999999994,,"-100,00%"
2012,Dec,Accessories,Lights,,,"-100,00%"
2012,Dec,Accessories,Locks,,"948,75","-100,00%"
2012,Dec,Accessories,Panniers,,,"-100,00%"
2012,Dec,Accessories,Pumps,,"626,69","-100,00%"
2012,Dec,Accessories,Tires and Tubes,71.946,,"-100,00%"
2012,Dec,Bikes,Mountain Bikes,805137.564099999,"830880,84","-3,10%"
2012,Dec,Bikes,Road Bikes,1181008.1709000017,"1190683,53","-0,81%"
2012,Dec,Bikes,Touring Bikes,749218.6597999996,,"-100,00%"
2012,Dec,Clothing,Bib-Shorts,,"10393,85","-100,00%"
2012,Dec,Clothing,Caps,1792.8756999999998,"951,81","88,37%"
2012,Dec,Clothing,Gloves,3663.72,"9253,78","-60,41%"
2012,Dec,Clothing,Jerseys,51333.77479999998,"9567,55","436,54%"
2012,Dec,Clothing,Shorts,11517.571999999998,"4676,98","146,26%"
2012,Dec,Clothing,Socks,894.3718000000006,,"-100,00%"
2012,Dec,Clothing,Tights,,"12558,96","-100,00%"
2012,Dec,Clothing,Vests,13204.444000000003,,"-100,00%"
2012,Dec,Components,Bike TesteHistory,3541.771400000001,,"-100,00%"
2012,Dec,Components,Bottom Brackets,2505.2192000000005,,"-100,00%"
2012,Dec,Components,Brakes,3782.880000000001,,"-100,00%"
2012,Dec,Components,Chains,359.46400000000006,,"-100,00%"
2012,Dec,Components,Cranksets,12017.5828,,"-100,00%"
2012,Dec,Components,Forks,,"6308,98","-100,00%"
2012,Dec,Components,Handlebars,7538.224499999999,"5026,44","49,97%"
2012,Dec,Components,Headsets,,"4457,32","-100,00%"
2012,Dec,Components,Mountain Frames,191209.9849000003,"136794,83","39,78%"
2012,Dec,Components,Pedals,9447.406000000006,,"-100,00%"
2012,Dec,Components,Road Frames,213324.6524000001,"131643,29","62,05%"
2012,Dec,Components,Saddles,3932.2401000000013,,"-100,00%"
2012,Dec,Components,Touring Frames,153952.30320000002,,"-100,00%"
2012,Dec,Components,Wheels,,"40835,60","-100,00%"
2013,Jan,Accessories,Bike Racks,17131.440000000006,"9918,48","72,72%"
2013,Jan,Accessories,Bike Stands,477,,"-100,00%"
2013,Jan,Accessories,Bottles and Cages,1890.3072000000013,"438,58","331,01%"
2013,Jan,Accessories,Cleaners,1129.2020999999995,"674,94","67,30%"
2013,Jan,Accessories,Fenders,835.2400000000004,,"-100,00%"
2013,Jan,Accessories,Helmets,14431.168199999991,"8898,68","62,17%"
2013,Jan,Accessories,Hydration Packs,7069.417100000001,"3455,14","104,61%"
2013,Jan,Accessories,Lights,,,"-100,00%"
2013,Jan,Accessories,Locks,,,"-100,00%"
2013,Jan,Accessories,Panniers,,,"-100,00%"
2013,Jan,Accessories,Pumps,,,"-100,00%"
2013,Jan,Accessories,Tires and Tubes,2771.633999999994,"71,95","3752,38%"
2013,Jan,Bikes,Mountain Bikes,1252545.9787999985,"805137,56","55,57%"
2013,Jan,Bikes,Road Bikes,1508749.5900000005,"1181008,17","27,75%"
2013,Jan,Bikes,Touring Bikes,1430197.002400003,"749218,66","90,89%"
2013,Jan,Clothing,Bib-Shorts,,,"-100,00%"
2013,Jan,Clothing,Caps,3218.5098999999973,"1792,88","79,52%"
2013,Jan,Clothing,Gloves,5331.6906,"3663,72","45,53%"
2013,Jan,Clothing,Jerseys,74742.96859999992,"51333,77","45,60%"
2013,Jan,Clothing,Shorts,22948.63579999998,"11517,57","99,25%"
2013,Jan,Clothing,Socks,1787.7183000000014,"894,37","99,89%"
2013,Jan,Clothing,Tights,,,"-100,00%"
2013,Jan,Clothing,Vests,19681.697999999964,"13204,44","49,05%"
2013,Jan,Components,Bike TesteHistory,5665.295799999998,"3541,77","59,96%"
2013,Jan,Components,Bottom Brackets,3907.678800000002,"2505,22","55,98%"
2013,Jan,Components,Brakes,6289.038000000004,"3782,88","66,25%"
2013,Jan,Components,Chains,817.7806000000002,"359,46","127,50%"
2013,Jan,Components,Cranksets,20660.66240000001,"12017,58","71,92%"
2013,Jan,Components,Forks,,,"-100,00%"
2013,Jan,Components,Handlebars,12277.795900000016,"7538,22","62,87%"
2013,Jan,Components,Headsets,,,"-100,00%"
2013,Jan,Components,Mountain Frames,279431.19650000037,"191209,98","46,14%"
2013,Jan,Components,Pedals,16082.937600000025,"9447,41","70,24%"
2013,Jan,Components,Road Frames,289668.7002,"213324,65","35,79%"
2013,Jan,Components,Saddles,7428.1424999999945,"3932,24","88,90%"
2013,Jan,Components,Touring Frames,238699.70489999995,"153952,30","55,05%"
2013,Jan,Components,Wheels,,,"-100,00%"
2013,Feb,Accessories,Bike Racks,19737.359999999993,"17131,44","15,21%"
2013,Feb,Accessories,Bike Stands,2703,"477,00","466,67%"
2013,Feb,Accessories,Bottles and Cages,3581.8873999999687,"1890,31","89,49%"
2013,Feb,Accessories,Cleaners,1218.1307999999995,"1129,20","7,88%"
2013,Feb,Accessories,Fenders,2461.7600000000016,"835,24","194,74%"
2013,Feb,Accessories,Helmets,21739.250099999976,"14431,17","50,64%"
2013,Feb,Accessories,Hydration Packs,7766.358399999998,"7069,42","9,86%"
2013,Feb,Accessories,Lights,,,"-100,00%"
2013,Feb,Accessories,Locks,,,"-100,00%"
2013,Feb,Accessories,Panniers,,,"-100,00%"
2013,Feb,Accessories,Pumps,,,"-100,00%"
2013,Feb,Accessories,Tires and Tubes,13321.11850000002,"2771,63","380,62%"
2013,Feb,Bikes,Mountain Bikes,1204200.0878999976,"1252545,98","-3,86%"
2013,Feb,Bikes,Road Bikes,1238251.0531000008,"1508749,59","-17,93%"
2013,Feb,Bikes,Touring Bikes,1558765.8688000026,"1430197,00","8,99%"
2013,Feb,Clothing,Bib-Shorts,,,"-100,00%"
2013,Feb,Clothing,Caps,3541.790299999999,"3218,51","10,04%"
2013,Feb,Clothing,Gloves,6431.339499999996,"5331,69","20,62%"
2013,Feb,Clothing,Jerseys,75456.23099999991,"74742,97","0,95%"
2013,Feb,Clothing,Shorts,25968.42349999999,"22948,64","13,16%"
2013,Feb,Clothing,Socks,1536.2618000000007,"1787,72","-14,07%"
2013,Feb,Clothing,Tights,,,"-100,00%"
2013,Feb,Clothing,Vests,19050.76199999998,"19681,70","-3,21%"
2013,Feb,Components,Bike TesteHistory,9611.8796,"5665,30","69,66%"
2013,Feb,Components,Bottom Brackets,6502.807999999999,"3907,68","66,41%"
2013,Feb,Components,Brakes,9693.630000000005,"6289,04","54,14%"
2013,Feb,Components,Chains,1401.9096,"817,78","71,43%"
2013,Feb,Components,Cranksets,26858.273600000008,"20660,66","30,00%"
2013,Feb,Components,Forks,,,"-100,00%"
2013,Feb,Components,Handlebars,12531.1956,"12277,80","2,06%"
2013,Feb,Components,Headsets,,,"-100,00%"
2013,Feb,Components,Mountain Frames,284991.7083000005,"279431,20","1,99%"
2013,Feb,Components,Pedals,14599.126800000024,"16082,94","-9,23%"
2013,Feb,Components,Road Frames,261312.33830000018,"289668,70","-9,79%"
2013,Feb,Components,Saddles,7078.7228000000005,"7428,14","-4,70%"
2013,Feb,Components,Touring Frames,277808.66940000025,"238699,70","16,38%"
2013,Feb,Components,Wheels,,,"-100,00%"
2013,Mar,Accessories,Bike Racks,12592.559999999998,"19737,36","-36,20%"
2013,Mar,Accessories,Bike Stands,3180,"2703,00","17,65%"
2013,Mar,Accessories,Bottles and Cages,4334.392199999936,"3581,89","21,01%"
2013,Mar,Accessories,Cleaners,1056.0143999999998,"1218,13","-13,31%"
2013,Mar,Accessories,Fenders,3428.8800000000024,"2461,76","39,29%"
2013,Mar,Accessories,Helmets,22556.88169999992,"21739,25","3,76%"
2013,Mar,Accessories,Hydration Packs,6438.895399999997,"7766,36","-17,09%"
2013,Mar,Accessories,Lights,,,"-100,00%"
2013,Mar,Accessories,Locks,,,"-100,00%"
2013,Mar,Accessories,Panniers,,,"-100,00%"
2013,Mar,Accessories,Pumps,,,"-100,00%"
2013,Mar,Accessories,Tires and Tubes,19670.322000000342,"13321,12","47,66%"
2013,Mar,Bikes,Mountain Bikes,926567.2775999992,"1204200,09","-23,06%"
2013,Mar,Bikes,Road Bikes,1058117.9951000006,"1238251,05","-14,55%"
2013,Mar,Bikes,Touring Bikes,859167.8865000026,"1558765,87","-44,88%"
2013,Mar,Clothing,Bib-Shorts,,,"-100,00%"
2013,Mar,Clothing,Caps,2889.2062,"3541,79","-18,43%"
2013,Mar,Clothing,Gloves,6000.602899999993,"6431,34","-6,70%"
2013,Mar,Clothing,Jerseys,49835.69529999995,"75456,23","-33,95%"
2013,Mar,Clothing,Shorts,18156.963899999973,"25968,42","-30,08%"
2013,Mar,Clothing,Socks,1158.802100000001,"1536,26","-24,57%"
2013,Mar,Clothing,Tights,,,"-100,00%"
2013,Mar,Clothing,Vests,12854.304999999995,"19050,76","-32,53%"
2013,Mar,Components,Bike TesteHistory,3500.4480000000003,"9611,88","-63,58%"
2013,Mar,Components,Bottom Brackets,2361.3676,"6502,81","-63,69%"
2013,Mar,Components,Brakes,2317.014,"9693,63","-76,10%"
2013,Mar,Components,Chains,251.62479999999996,"1401,91","-82,05%"
2013,Mar,Components,Cranksets,7731.996000000001,"26858,27","-71,21%"
2013,Mar,Components,Forks,,,"-100,00%"
2013,Mar,Components,Handlebars,4434.816699999999,"12531,20","-64,61%"
2013,Mar,Components,Headsets,,,"-100,00%"
2013,Mar,Components,Mountain Frames,108724.10090000014,"284991,71","-61,85%"
2013,Mar,Components,Pedals,6863.215600000006,"14599,13","-52,99%"
2013,Mar,Components,Road Frames,77746.7428,"261312,34","-70,25%"
2013,Mar,Components,Saddles,1998.9806000000005,"7078,72","-71,76%"
2013,Mar,Components,Touring Frames,75576.09429999998,"277808,67","-72,80%"
2013,Mar,Components,Wheels,,,"-100,00%"
2013,Apr,Accessories,Bike Racks,15594.720000000001,"12592,56","23,84%"
2013,Apr,Accessories,Bike Stands,3657,"3180,00","15,00%"
2013,Apr,Accessories,Bottles and Cages,4440.251999999936,"4334,39","2,44%"
2013,Apr,Accessories,Cleaners,1226.4624,"1056,01","16,14%"
2013,Apr,Accessories,Fenders,3275.0200000000023,"3428,88","-4,49%"
2013,Apr,Accessories,Helmets,23506.514699999916,"22556,88","4,21%"
2013,Apr,Accessories,Hydration Packs,7488.655899999993,"6438,90","16,30%"
2013,Apr,Accessories,Lights,,,"-100,00%"
2013,Apr,Accessories,Locks,,,"-100,00%"
2013,Apr,Accessories,Panniers,,,"-100,00%"
2013,Apr,Accessories,Pumps,,,"-100,00%"
2013,Apr,Accessories,Tires and Tubes,18805.13300000035,"19670,32","-4,40%"
2013,Apr,Bikes,Mountain Bikes,1159021.3673999973,"926567,28","25,09%"
2013,Apr,Bikes,Road Bikes,1372633.2288000002,"1058118,00","29,72%"
2013,Apr,Bikes,Touring Bikes,1237153.0028000027,"859167,89","43,99%"
2013,Apr,Clothing,Bib-Shorts,,,"-100,00%"
2013,Apr,Clothing,Caps,3263.9993000000004,"2889,21","12,97%"
2013,Apr,Clothing,Gloves,5762.265499999995,"6000,60","-3,97%"
2013,Apr,Clothing,Jerseys,59914.984099999856,"49835,70","20,23%"
2013,Apr,Clothing,Shorts,22134.08269999996,"18156,96","21,90%"
2013,Apr,Clothing,Socks,1652.9886000000015,"1158,80","42,65%"
2013,Apr,Clothing,Tights,,,"-100,00%"
2013,Apr,Clothing,Vests,16012.922000000002,"12854,30","24,57%"
2013,Apr,Components,Bike TesteHistory,4419.3328,"3500,45","26,25%"
2013,Apr,Components,Bottom Brackets,2307.426000000001,"2361,37","-2,28%"
2013,Apr,Components,Brakes,4728.600000000002,"2317,01","104,08%"
2013,Apr,Components,Chains,557.1692000000002,"251,62","121,43%"
2013,Apr,Components,Cranksets,10327.331999999997,"7732,00","33,57%"
2013,Apr,Components,Forks,,,"-100,00%"
2013,Apr,Components,Handlebars,4800.078199999999,"4434,82","8,24%"
2013,Apr,Components,Headsets,,,"-100,00%"
2013,Apr,Components,Mountain Frames,204714.77060000034,"108724,10","88,29%"
2013,Apr,Components,Pedals,12258.200400000014,"6863,22","78,61%"
2013,Apr,Components,Road Frames,111526.83699999996,"77746,74","43,45%"
2013,Apr,Components,Saddles,3145.0443999999993,"1998,98","57,33%"
2013,Apr,Components,Touring Frames,154560.61090000006,"75576,09","104,51%"
2013,Apr,Components,Wheels,,,"-100,00%"
2013,May,Accessories,Bike Racks,14143.919999999998,"15594,72","-9,30%"
2013,May,Accessories,Bike Stands,3975,"3657,00","8,70%"
2013,May,Accessories,Bottles and Cages,4279.110899999942,"4440,25","-3,63%"
2013,May,Accessories,Cleaners,1193.692499999999,"1226,46","-2,67%"
2013,May,Accessories,Fenders,3692.6400000000026,"3275,02","12,75%"
2013,May,Accessories,Helmets,25154.195199999962,"23506,51","7,01%"
2013,May,Accessories,Hydration Packs,6870.348099999997,"7488,66","-8,26%"
2013,May,Accessories,Lights,,,"-100,00%"
2013,May,Accessories,Locks,,,"-100,00%"
2013,May,Accessories,Panniers,,,"-100,00%"
2013,May,Accessories,Pumps,,,"-100,00%"
2013,May,Accessories,Tires and Tubes,19838.91350000041,"18805,13","5,50%"
2013,May,Bikes,Mountain Bikes,1201729.4536999993,"1159021,37","3,68%"
2013,May,Bikes,Road Bikes,1227380.851599999,"1372633,23","-10,58%"
2013,May,Bikes,Touring Bikes,1484411.3971000083,"1237153,00","19,99%"
2013,May,Clothing,Bib-Shorts,,,"-100,00%"
2013,May,Clothing,Caps,3012.6389,"3264,00","-7,70%"
2013,May,Clothing,Gloves,5664.501099999996,"5762,27","-1,70%"
2013,May,Clothing,Jerseys,57077.1798999999,"59914,98","-4,74%"
2013,May,Clothing,Shorts,21385.18769999998,"22134,08","-3,38%"
2013,May,Clothing,Socks,1559.2738000000013,"1652,99","-5,67%"
2013,May,Clothing,Tights,,,"-100,00%"
2013,May,Clothing,Vests,16132.682999999995,"16012,92","0,75%"
2013,May,Components,Bike TesteHistory,6135.939399999998,"4419,33","38,84%"
2013,May,Components,Bottom Brackets,5202.2112,"2307,43","125,46%"
2013,May,Components,Brakes,6714.612000000005,"4728,60","42,00%"
2013,May,Components,Chains,835.7537999999998,"557,17","50,00%"
2013,May,Components,Cranksets,14594.870799999999,"10327,33","41,32%"
2013,May,Components,Forks,,,"-100,00%"
2013,May,Components,Handlebars,6805.121500000001,"4800,08","41,77%"
2013,May,Components,Headsets,,,"-100,00%"
2013,May,Components,Mountain Frames,202593.7686000004,"204714,77","-1,04%"
2013,May,Components,Pedals,10405.137200000012,"12258,20","-15,12%"
2013,May,Components,Road Frames,100313.89540000004,"111526,84","-10,05%"
2013,May,Components,Saddles,4444.608099999998,"3145,04","41,32%"
2013,May,Components,Touring Frames,137740.23129999998,"154560,61","-10,88%"
2013,May,Components,Wheels,,,"-100,00%"
2013,Jun,Accessories,Bike Racks,8326.080000000002,"14143,92","-41,13%"
2013,Jun,Accessories,Bike Stands,3816,"3975,00","-4,00%"
2013,Jun,Accessories,Bottles and Cages,5425.696399999901,"4279,11","26,79%"
2013,Jun,Accessories,Cleaners,1010.6993999999997,"1193,69","-15,33%"
2013,Jun,Accessories,Fenders,4352.039999999998,"3692,64","17,86%"
2013,Jun,Accessories,Helmets,24169.422400000134,"25154,20","-3,91%"
2013,Jun,Accessories,Hydration Packs,4292.412099999996,"6870,35","-37,52%"
2013,Jun,Accessories,Lights,,,"-100,00%"
2013,Jun,Accessories,Locks,,,"-100,00%"
2013,Jun,Accessories,Panniers,,,"-100,00%"
2013,Jun,Accessories,Pumps,,,"-100,00%"
2013,Jun,Accessories,Tires and Tubes,21526.18250000055,"19838,91","8,50%"
2013,Jun,Bikes,Mountain Bikes,978370.3446999968,"1201729,45","-18,59%"
2013,Jun,Bikes,Road Bikes,1097722.2921999984,"1227380,85","-10,56%"
2013,Jun,Bikes,Touring Bikes,904508.3660000017,"1484411,40","-39,07%"
2013,Jun,Clothing,Bib-Shorts,,,"-100,00%"
2013,Jun,Clothing,Caps,2572.6683000000016,"3012,64","-14,60%"
2013,Jun,Clothing,Gloves,4150.619899999994,"5664,50","-26,73%"
2013,Jun,Clothing,Jerseys,39726.43759999993,"57077,18","-30,40%"
2013,Jun,Clothing,Shorts,13819.67739999998,"21385,19","-35,38%"
2013,Jun,Clothing,Socks,909.1098000000007,"1559,27","-41,70%"
2013,Jun,Clothing,Tights,,,"-100,00%"
2013,Jun,Clothing,Vests,9324.974999999997,"16132,68","-42,20%"
2013,Jun,Components,Bike TesteHistory,1421.7559999999999,"6135,94","-76,83%"
2013,Jun,Components,Bottom Brackets,1294.5984,"5202,21","-75,11%"
2013,Jun,Components,Brakes,1229.4360000000001,"6714,61","-81,69%"
2013,Jun,Components,Chains,215.67839999999998,"835,75","-74,19%"
2013,Jun,Components,Cranksets,5142.7112,"14594,87","-64,76%"
2013,Jun,Components,Forks,,,"-100,00%"
2013,Jun,Components,Handlebars,991.6662,"6805,12","-85,43%"
2013,Jun,Components,Headsets,,,"-100,00%"
2013,Jun,Components,Mountain Frames,55684.521199999996,"202593,77","-72,51%"
2013,Jun,Components,Pedals,2663.3068000000003,"10405,14","-74,40%"
2013,Jun,Components,Road Frames,23367.3926,"100313,90","-76,71%"
2013,Jun,Components,Saddles,856.3622,"4444,61","-80,73%"
2013,Jun,Components,Touring Frames,45293.433399999994,"137740,23","-67,12%"
2013,Jun,Components,Wheels,,,"-100,00%"
2013,Jul,Accessories,Bike Racks,9492.960000000003,"8326,08","14,01%"
2013,Jul,Accessories,Bike Stands,2067,"3816,00","-45,83%"
2013,Jul,Accessories,Bottles and Cages,5354.642299999904,"5425,70","-1,31%"
2013,Jul,Accessories,Cleaners,1020.7164,"1010,70","0,99%"
2013,Jul,Accessories,Fenders,4066.300000000003,"4352,04","-6,57%"
2013,Jul,Accessories,Helmets,22353.652100000043,"24169,42","-7,51%"
2013,Jul,Accessories,Hydration Packs,4786.882499999996,"4292,41","11,52%"
2013,Jul,Accessories,Lights,,,"-100,00%"
2013,Jul,Accessories,Locks,,,"-100,00%"
2013,Jul,Accessories,Panniers,,,"-100,00%"
2013,Jul,Accessories,Pumps,,,"-100,00%"
2013,Jul,Accessories,Tires and Tubes,21189.398000000507,"21526,18","-1,56%"
2013,Jul,Bikes,Mountain Bikes,1222712.5367999966,"978370,34","24,97%"
2013,Jul,Bikes,Road Bikes,1349628.5391000002,"1097722,29","22,95%"
2013,Jul,Bikes,Touring Bikes,1144951.7051000043,"904508,37","26,58%"
2013,Jul,Clothing,Bib-Shorts,,,"-100,00%"
2013,Jul,Clothing,Caps,2569.8814000000016,"2572,67","-0,11%"
2013,Jul,Clothing,Gloves,4095.859699999994,"4150,62","-1,32%"
2013,Jul,Clothing,Jerseys,41025.2698999999,"39726,44","3,27%"
2013,Jul,Clothing,Shorts,17729.60419999996,"13819,68","28,29%"
2013,Jul,Clothing,Socks,1147.546700000001,"909,11","26,23%"
2013,Jul,Clothing,Tights,,,"-100,00%"
2013,Jul,Clothing,Vests,10473.181999999997,"9324,98","12,31%"
2013,Jul,Components,Bike TesteHistory,1543.6207999999997,"1421,76","8,57%"
2013,Jul,Components,Bottom Brackets,2157.6640000000007,"1294,60","66,67%"
2013,Jul,Components,Brakes,1513.1520000000005,"1229,44","23,08%"
2013,Jul,Components,Chains,350.4774000000001,"215,68","62,50%"
2013,Jul,Components,Cranksets,7851.898,"5142,71","52,68%"
2013,Jul,Components,Forks,,,"-100,00%"
2013,Jul,Components,Handlebars,1865.6456999999996,"991,67","88,13%"
2013,Jul,Components,Headsets,,,"-100,00%"
2013,Jul,Components,Mountain Frames,122029.6043000001,"55684,52","119,14%"
2013,Jul,Components,Pedals,4828.027200000001,"2663,31","81,28%"
2013,Jul,Components,Road Frames,29335.707,"23367,39","25,54%"
2013,Jul,Components,Saddles,1269.8602000000005,"856,36","48,29%"
2013,Jul,Components,Touring Frames,81969.16710000002,"45293,43","80,97%"
2013,Jul,Components,Wheels,,,"-100,00%"
2013,Aug,Accessories,Bike Racks,8338.800000000001,"9492,96","-12,16%"
2013,Aug,Accessories,Bike Stands,3975,"2067,00","92,31%"
2013,Aug,Accessories,Bottles and Cages,5590.876699999899,"5354,64","4,41%"
2013,Aug,Accessories,Cleaners,956.1464999999998,"1020,72","-6,33%"
2013,Aug,Accessories,Fenders,4154.220000000002,"4066,30","2,16%"
2013,Aug,Accessories,Helmets,22422.793300000034,"22353,65","0,31%"
2013,Aug,Accessories,Hydration Packs,5254.517299999993,"4786,88","9,77%"
2013,Aug,Accessories,Lights,,,"-100,00%"
2013,Aug,Accessories,Locks,,,"-100,00%"
2013,Aug,Accessories,Panniers,,,"-100,00%"
2013,Aug,Accessories,Pumps,,,"-100,00%"
2013,Aug,Accessories,Tires and Tubes,21911.51500000058,"21189,40","3,41%"
2013,Aug,Bikes,Mountain Bikes,1194806.7417999974,"1222712,54","-2,28%"
2013,Aug,Bikes,Road Bikes,1217199.0743999984,"1349628,54","-9,81%"
2013,Aug,Bikes,Touring Bikes,1501299.712700008,"1144951,71","31,12%"
2013,Aug,Clothing,Bib-Shorts,,,"-100,00%"
2013,Aug,Clothing,Caps,2917.2550000000006,"2569,88","13,52%"
2013,Aug,Clothing,Gloves,4273.85229999999,"4095,86","4,35%"
2013,Aug,Clothing,Jerseys,40880.720499999916,"41025,27","-0,35%"
2013,Aug,Clothing,Shorts,16634.82129999999,"17729,60","-6,17%"
2013,Aug,Clothing,Socks,1123.2001000000012,"1147,55","-2,12%"
2013,Aug,Clothing,Tights,,,"-100,00%"
2013,Aug,Clothing,Vests,12272.89899999999,"10473,18","17,18%"
2013,Aug,Components,Bike TesteHistory,2193.5663999999992,"1543,62","42,11%"
2013,Aug,Components,Bottom Brackets,2265.547200000001,"2157,66","5,00%"
2013,Aug,Components,Brakes,3262.734000000001,"1513,15","115,63%"
2013,Aug,Components,Chains,575.1424000000001,"350,48","64,10%"
2013,Aug,Components,Cranksets,13246.365999999998,"7851,90","68,70%"
2013,Aug,Components,Forks,,,"-100,00%"
2013,Aug,Components,Handlebars,1838.1531999999997,"1865,65","-1,47%"
2013,Aug,Components,Headsets,,,"-100,00%"
2013,Aug,Components,Mountain Frames,105112.47150000013,"122029,60","-13,86%"
2013,Aug,Components,Pedals,4189.168000000001,"4828,03","-13,23%"
2013,Aug,Components,Road Frames,24944.690500000008,"29335,71","-14,97%"
2013,Aug,Components,Saddles,1573.0950000000007,"1269,86","23,88%"
2013,Aug,Components,Touring Frames,54293.3329,"81969,17","-33,76%"
2013,Aug,Components,Wheels,,,"-100,00%"
2013,Sep,Accessories,Bike Racks,12038.4,"8338,80","44,37%"
2013,Sep,Accessories,Bike Stands,2862,"3975,00","-28,00%"
2013,Sep,Accessories,Bottles and Cages,5340.502499999908,"5590,88","-4,48%"
2013,Sep,Accessories,Cleaners,1062.8673,"956,15","11,16%"
2013,Sep,Accessories,Fenders,3450.8600000000024,"4154,22","-16,93%"
2013,Sep,Accessories,Helmets,24913.738800000032,"22422,79","11,11%"
2013,Sep,Accessories,Hydration Packs,6605.623799999991,"5254,52","25,71%"
2013,Sep,Accessories,Lights,,,"-100,00%"
2013,Sep,Accessories,Locks,,,"-100,00%"
2013,Sep,Accessories,Panniers,,,"-100,00%"
2013,Sep,Accessories,Pumps,,,"-100,00%"
2013,Sep,Accessories,Tires and Tubes,19262.572500000377,"21911,52","-12,09%"
2013,Sep,Bikes,Mountain Bikes,1032417.2545999982,"1194806,74","-13,59%"
2013,Sep,Bikes,Road Bikes,1130322.3053,"1217199,07","-7,14%"
2013,Sep,Bikes,Touring Bikes,997272.4751000026,"1501299,71","-33,57%"
2013,Sep,Clothing,Bib-Shorts,,,"-100,00%"
2013,Sep,Clothing,Caps,3098.133800000002,"2917,25","6,20%"
2013,Sep,Clothing,Gloves,5032.509399999997,"4273,85","17,75%"
2013,Sep,Clothing,Jerseys,51937.31739999993,"40880,72","27,05%"
2013,Sep,Clothing,Shorts,17876.444299999977,"16634,82","7,46%"
2013,Sep,Clothing,Socks,942.4464000000006,"1123,20","-16,09%"
2013,Sep,Clothing,Tights,,,"-100,00%"
2013,Sep,Clothing,Vests,11898.122,"12272,90","-3,05%"
2013,Sep,Components,Bike TesteHistory,3216.0968,"2193,57","46,61%"
2013,Sep,Components,Bottom Brackets,1917.8600000000004,"2265,55","-15,35%"
2013,Sep,Components,Brakes,1891.44,"3262,73","-42,03%"
2013,Sep,Components,Chains,350.4774,"575,14","-39,06%"
2013,Sep,Components,Cranksets,5490.314799999999,"13246,37","-58,55%"
2013,Sep,Components,Forks,,,"-100,00%"
2013,Sep,Components,Handlebars,3307.3893999999996,"1838,15","79,93%"
2013,Sep,Components,Headsets,,,"-100,00%"
2013,Sep,Components,Mountain Frames,128552.73590000012,"105112,47","22,30%"
2013,Sep,Components,Pedals,7196.4776000000065,"4189,17","71,79%"
2013,Sep,Components,Road Frames,71456.22390000003,"24944,69","186,46%"
2013,Sep,Components,Saddles,2107.583000000001,"1573,10","33,98%"
2013,Sep,Components,Touring Frames,82377.62290000005,"54293,33","51,73%"
2013,Sep,Components,Wheels,,,"-100,00%"
2013,Oct,Accessories,Bike Racks,15460.079999999998,"12038,40","28,42%"
2013,Oct,Accessories,Bike Stands,3339,"2862,00","16,67%"
2013,Oct,Accessories,Bottles and Cages,5782.684299999897,"5340,50","8,28%"
2013,Oct,Accessories,Cleaners,1095.5099999999993,"1062,87","3,07%"
2013,Oct,Accessories,Fenders,3890.4600000000028,"3450,86","12,74%"
2013,Oct,Accessories,Helmets,28478.804400000136,"24913,74","14,31%"
2013,Oct,Accessories,Hydration Packs,6382.147000000001,"6605,62","-3,38%"
2013,Oct,Accessories,Lights,,,"-100,00%"
2013,Oct,Accessories,Locks,,,"-100,00%"
2013,Oct,Accessories,Panniers,,,"-100,00%"
2013,Oct,Accessories,Pumps,,,"-100,00%"
2013,Oct,Accessories,Tires and Tubes,22293.410500000624,"19262,57","15,73%"
2013,Oct,Bikes,Mountain Bikes,1321513.5223999973,"1032417,25","28,00%"
2013,Oct,Bikes,Road Bikes,1467348.8698999975,"1130322,31","29,82%"
2013,Oct,Bikes,Touring Bikes,1385136.4877000037,"997272,48","38,89%"
2013,Oct,Clothing,Bib-Shorts,,,"-100,00%"
2013,Oct,Clothing,Caps,3610.923400000002,"3098,13","16,55%"
2013,Oct,Clothing,Gloves,5054.207099999996,"5032,51","0,43%"
2013,Oct,Clothing,Jerseys,55717.590099999914,"51937,32","7,28%"
2013,Oct,Clothing,Shorts,23061.590099999965,"17876,44","29,01%"
2013,Oct,Clothing,Socks,1686.7548000000015,"942,45","78,98%"
2013,Oct,Clothing,Tights,,,"-100,00%"
2013,Oct,Clothing,Vests,18003.138999999985,"11898,12","51,31%"
2013,Oct,Components,Bike TesteHistory,4406.0261999999975,"3216,10","37,00%"
2013,Oct,Components,Bottom Brackets,2469.2288000000003,"1917,86","28,75%"
2013,Oct,Components,Brakes,3168.1620000000007,"1891,44","67,50%"
2013,Oct,Components,Chains,485.2764000000001,"350,48","38,46%"
2013,Oct,Components,Cranksets,11747.852799999999,"5490,31","113,97%"
2013,Oct,Components,Forks,,,"-100,00%"
2013,Oct,Components,Handlebars,6488.301100000004,"3307,39","96,18%"
2013,Oct,Components,Headsets,,,"-100,00%"
2013,Oct,Components,Mountain Frames,184514.41910000046,"128552,74","43,53%"
2013,Oct,Components,Pedals,10520.147200000016,"7196,48","46,18%"
2013,Oct,Components,Road Frames,106293.6053,"71456,22","48,75%"
2013,Oct,Components,Saddles,3509.639999999999,"2107,58","66,52%"
2013,Oct,Components,Touring Frames,164181.9461,"82377,62","99,30%"
2013,Oct,Components,Wheels,,,"-100,00%"
2013,Nov,Accessories,Bike Racks,16634.64,"15460,08","7,60%"
2013,Nov,Accessories,Bike Stands,4293,"3339,00","28,57%"
2013,Nov,Accessories,Bottles and Cages,5872.564899999892,"5782,68","1,55%"
2013,Nov,Accessories,Cleaners,1423.145400000002,"1095,51","29,91%"
2013,Nov,Accessories,Fenders,4637.7799999999925,"3890,46","19,21%"
2013,Nov,Accessories,Helmets,30936.921800000244,"28478,80","8,63%"
2013,Nov,Accessories,Hydration Packs,8457.030399999992,"6382,15","32,51%"
2013,Nov,Accessories,Lights,,,"-100,00%"
2013,Nov,Accessories,Locks,,,"-100,00%"
2013,Nov,Accessories,Panniers,,,"-100,00%"
2013,Nov,Accessories,Pumps,,,"-100,00%"
2013,Nov,Accessories,Tires and Tubes,22857.035500000664,"22293,41","2,53%"
2013,Nov,Bikes,Mountain Bikes,1517697.3589999946,"1321513,52","14,85%"
2013,Nov,Bikes,Road Bikes,1335308.9846999957,"1467348,87","-9,00%"
2013,Nov,Bikes,Touring Bikes,1655325.4779000066,"1385136,49","19,51%"
2013,Nov,Clothing,Bib-Shorts,,,"-100,00%"
2013,Nov,Clothing,Caps,3253.1214000000023,"3610,92","-9,91%"
2013,Nov,Clothing,Gloves,6137.547299999983,"5054,21","21,43%"
2013,Nov,Clothing,Jerseys,59356.3023999999,"55717,59","6,53%"
2013,Nov,Clothing,Shorts,22172.715099999976,"23061,59","-3,85%"
2013,Nov,Clothing,Socks,1424.4954000000012,"1686,75","-15,55%"
2013,Nov,Clothing,Tights,,,"-100,00%"
2013,Nov,Clothing,Vests,17228.692999999996,"18003,14","-4,30%"
2013,Nov,Components,Bike TesteHistory,6406.2822000000015,"4406,03","45,40%"
2013,Nov,Components,Bottom Brackets,5459.944400000003,"2469,23","121,12%"
2013,Nov,Components,Brakes,4350.312000000002,"3168,16","37,31%"
2013,Nov,Components,Chains,754.8743999999997,"485,28","55,56%"
2013,Nov,Components,Cranksets,15493.948799999996,"11747,85","31,89%"
2013,Nov,Components,Forks,,,"-100,00%"
2013,Nov,Components,Handlebars,6404.708600000002,"6488,30","-1,29%"
2013,Nov,Components,Headsets,,,"-100,00%"
2013,Nov,Components,Mountain Frames,201634.59730000043,"184514,42","9,28%"
2013,Nov,Components,Pedals,10179.793600000008,"10520,15","-3,24%"
2013,Nov,Components,Road Frames,104836.63700000003,"106293,61","-1,37%"
2013,Nov,Components,Saddles,4008.554899999998,"3509,64","14,22%"
2013,Nov,Components,Touring Frames,181447.9775000001,"164181,95","10,52%"
2013,Nov,Components,Wheels,,,"-100,00%"
2013,Dec,Accessories,Bike Racks,4080,"16634,64","-75,47%"
2013,Dec,Accessories,Bike Stands,2703,"4293,00","-37,04%"
2013,Dec,Accessories,Bottles and Cages,5739.979999999888,"5872,56","-2,26%"
2013,Dec,Accessories,Cleaners,747.3000000000009,"1423,15","-47,49%"
2013,Dec,Accessories,Fenders,5011.439999999985,"4637,78","8,06%"
2013,Dec,Accessories,Helmets,23618.250000000244,"30936,92","-23,66%"
2013,Dec,Accessories,Hydration Packs,4729.139999999989,"8457,03","-44,08%"
2013,Dec,Accessories,Lights,,,"-100,00%"
2013,Dec,Accessories,Locks,,,"-100,00%"
2013,Dec,Accessories,Panniers,,,"-100,00%"
2013,Dec,Accessories,Pumps,,,"-100,00%"
2013,Dec,Accessories,Tires and Tubes,21121.58000000048,"22857,04","-7,59%"
2013,Dec,Bikes,Mountain Bikes,790118.1199999967,"1517697,36","-47,94%"
2013,Dec,Bikes,Road Bikes,599226.2099999962,"1335308,98","-55,12%"
2013,Dec,Bikes,Touring Bikes,482617.6500000001,"1655325,48","-70,84%"
2013,Dec,Clothing,Bib-Shorts,,,"-100,00%"
2013,Dec,Clothing,Caps,2031.7400000000018,"3253,12","-37,54%"
2013,Dec,Clothing,Gloves,4089.829999999982,"6137,55","-33,36%"
2013,Dec,Clothing,Jerseys,18538.430000000008,"59356,30","-68,77%"
2013,Dec,Clothing,Shorts,5319.23999999999,"22172,72","-76,01%"
2013,Dec,Clothing,Socks,512.4300000000003,"1424,50","-64,03%"
2013,Dec,Clothing,Tights,,,"-100,00%"
2013,Dec,Clothing,Vests,2667,"17228,69","-84,52%"
2013,Dec,Components,Bike TesteHistory,,"6406,28","-100,00%"
2013,Dec,Components,Bottom Brackets,,"5459,94","-100,00%"
2013,Dec,Components,Brakes,,"4350,31","-100,00%"
2013,Dec,Components,Chains,,"754,87","-100,00%"
2013,Dec,Components,Cranksets,,"15493,95","-100,00%"
2013,Dec,Components,Forks,,,"-100,00%"
2013,Dec,Components,Handlebars,,"6404,71","-100,00%"
2013,Dec,Components,Headsets,,,"-100,00%"
2013,Dec,Components,Mountain Frames,,"201634,60","-100,00%"
2013,Dec,Components,Pedals,,"10179,79","-100,00%"
2013,Dec,Components,Road Frames,,"104836,64","-100,00%"
2013,Dec,Components,Saddles,,"4008,55","-100,00%"
2013,Dec,Components,Touring Frames,,"181447,98","-100,00%"
2013,Dec,Components,Wheels,,,"-100,00%"
2014,Jan,Accessories,Bike Racks,2280,"4080,00","-44,12%"
2014,Jan,Accessories,Bike Stands,1590,"2703,00","-41,18%"
2014,Jan,Accessories,Bottles and Cages,3001.7299999999696,"5739,98","-47,70%"
2014,Jan,Accessories,Cleaners,453.1499999999996,"747,30","-39,36%"
2014,Jan,Accessories,Fenders,2659.5800000000017,"5011,44","-46,93%"
2014,Jan,Accessories,Helmets,13471.14999999993,"23618,25","-42,96%"
2014,Jan,Accessories,Hydration Packs,1869.66,"4729,14","-60,47%"
2014,Jan,Accessories,Lights,,,"-100,00%"
2014,Jan,Accessories,Locks,,,"-100,00%"
2014,Jan,Accessories,Panniers,,,"-100,00%"
2014,Jan,Accessories,Pumps,,,"-100,00%"
2014,Jan,Accessories,Tires and Tubes,17438.880000000136,"21121,58","-17,44%"
2014,Jan,Bikes,Mountain Bikes,232510.77999999965,"790118,12","-70,57%"
2014,Jan,Bikes,Road Bikes,167854.85000000003,"599226,21","-71,99%"
2014,Jan,Bikes,Touring Bikes,143860.56000000026,"482617,65","-70,19%"
2014,Jan,Clothing,Bib-Shorts,,,"-100,00%"
2014,Jan,Clothing,Caps,1240.620000000001,"2031,74","-38,94%"
2014,Jan,Clothing,Gloves,2008.1800000000005,"4089,83","-50,90%"
2014,Jan,Clothing,Jerseys,10304.009999999966,"18538,43","-44,42%"
2014,Jan,Clothing,Shorts,5529.209999999989,"5319,24","3,95%"
2014,Jan,Clothing,Socks,332.63000000000017,"512,43","-35,09%"
2014,Jan,Clothing,Tights,,,"-100,00%"
2014,Jan,Clothing,Vests,2857.5,"2667,00","7,14%"
2014,Jan,Components,Bike TesteHistory,,,"-100,00%"
2014,Jan,Components,Bottom Brackets,,,"-100,00%"
2014,Jan,Components,Brakes,,,"-100,00%"
2014,Jan,Components,Chains,,,"-100,00%"
2014,Jan,Components,Cranksets,,,"-100,00%"
2014,Jan,Components,Forks,,,"-100,00%"
2014,Jan,Components,Handlebars,,,"-100,00%"
2014,Jan,Components,Headsets,,,"-100,00%"
2014,Jan,Components,Mountain Frames,,,"-100,00%"
2014,Jan,Components,Pedals,,,"-100,00%"
2014,Jan,Components,Road Frames,,,"-100,00%"
2014,Jan,Components,Saddles,,,"-100,00%"
2014,Jan,Components,Touring Frames,,,"-100,00%"
2014,Jan,Components,Wheels,,,"-100,00%"
2014,Feb,Accessories,Bike Racks,960,"2280,00","-57,89%"
2014,Feb,Accessories,Bike Stands,954,"1590,00","-40,00%"
2014,Feb,Accessories,Bottles and Cages,523.2400000000004,"3001,73","-82,57%"
2014,Feb,Accessories,Cleaners,119.25000000000003,"453,15","-73,68%"
2014,Feb,Accessories,Fenders,703.3600000000002,"2659,58","-73,55%"
2014,Feb,Accessories,Helmets,2554.2699999999973,"13471,15","-81,04%"
2014,Feb,Accessories,Hydration Packs,549.9,"1869,66","-70,59%"
2014,Feb,Accessories,Lights,,,"-100,00%"
2014,Feb,Accessories,Locks,,,"-100,00%"
2014,Feb,Accessories,Panniers,,,"-100,00%"
2014,Feb,Accessories,Pumps,,,"-100,00%"
2014,Feb,Accessories,Tires and Tubes,4026.959999999976,"17438,88","-76,91%"
2014,Feb,Bikes,Mountain Bikes,,"232510,78","-100,00%"
2014,Feb,Bikes,Road Bikes,,"167854,85","-100,00%"
2014,Feb,Bikes,Touring Bikes,,"143860,56","-100,00%"
2014,Feb,Clothing,Bib-Shorts,,,"-100,00%"
2014,Feb,Clothing,Caps,278.6900000000001,"1240,62","-77,54%"
2014,Feb,Clothing,Gloves,489.8000000000001,"2008,18","-75,61%"
2014,Feb,Clothing,Jerseys,2529.509999999998,"10304,01","-75,45%"
2014,Feb,Clothing,Shorts,1399.8,"5529,21","-74,68%"
2014,Feb,Clothing,Socks,44.95,"332,63","-86,49%"
2014,Feb,Clothing,Tights,,,"-100,00%"
2014,Feb,Clothing,Vests,698.5,"2857,50","-75,56%"
2014,Feb,Components,Bike TesteHistory,,,"-100,00%"
2014,Feb,Components,Bottom Brackets,,,"-100,00%"
2014,Feb,Components,Brakes,,,"-100,00%"
2014,Feb,Components,Chains,,,"-100,00%"
2014,Feb,Components,Cranksets,,,"-100,00%"
2014,Feb,Components,Forks,,,"-100,00%"
2014,Feb,Components,Handlebars,,,"-100,00%"
2014,Feb,Components,Headsets,,,"-100,00%"
2014,Feb,Components,Mountain Frames,,,"-100,00%"
2014,Feb,Components,Pedals,,,"-100,00%"
2014,Feb,Components,Road Frames,,,"-100,00%"
2014,Feb,Components,Saddles,,,"-100,00%"
2014,Feb,Components,Touring Frames,,,"-100,00%"
2014,Feb,Components,Wheels,,,"-100,00%"
